name of the station;ID-number of the station;ETRS-coordinates east;ETRS-coordinates north;max depth of the station;date;sampling depth;Faecal enterococci (kpl/100ml);Oxygen saturation (kyll.%);Dissolved oxygen (mg/l);Suspended solids, coarse (mg/l);Chlorophyll a (µg/l);Total phosphorous, unfiltered (µg/l);Total nitrogen, unfiltered (µg/l);Coliform bacteria thermotolerant (kpl/100ml);Temperature (°C);Nitrate as nitrogen, unfiltered (µg/l);Nitrate as nitrogen, unfiltered (µg/l);Nitrite nitrate as nitrogen, unfiltered (µg/l);Secchi depth (m);pH  ;Salinity (‰);Turbidity (FNU);Conductivity (mS/m)
Et kaup selkä 1;5520;227911;7005357;2.4;19.3.1974 0:00;;;;;;;;;;;;;;0.5;;;;
Et kaup selkä 1;5520;227911;7005357;2.4;19.3.1974 0:00;1,0;0;56;7.9;;;14;4100;0;0.3;;;;;4.6;;8.1;231
Et kaup selkä 1;5520;227911;7005357;2.4;12.6.1974 0:00;;;;;;;;;;;;;;1.1;;;;
Et kaup selkä 1;5520;227911;7005357;2.4;12.6.1974 0:00;1,0;0;104;10.3;;;20;410;0;14.5;;;;;8.1;;;627
Et kaup selkä 1;5520;227911;7005357;2.4;21.10.1974 0:00;;;;;;;;;;;;;;1;;;;
Et kaup selkä 1;5520;227911;7005357;2.4;21.10.1974 0:00;1,0;3;93;12.2;;;20;1200;79;2.9;;;;;7.2;;;594
Et kaup selkä 1;5520;227911;7005357;2.4;4.6.1975 0:00;;;;;;;;;;;;;;1;;;;
Et kaup selkä 1;5520;227911;7005357;2.4;4.6.1975 0:00;1,0;2;102;11;;;40;560;17;10.5;;;;;6.7;;7.8;390
Et kaup selkä 1;5520;227911;7005357;2.4;11.8.1975 0:00;;;;;;;;;;;;;;1.8;;;;
Et kaup selkä 1;5520;227911;7005357;2.4;11.8.1975 0:00;1,0;1;99;8.7;;;20;310;2;20.1;;;;;7.8;;1.8;750
Et kaup selkä 1;5520;227911;7005357;2.4;11.8.1975 12:00;0,0-2,0;;;;;;;;;19.6;;;;;7.8;;;
Et kaup selkä 1;5520;227911;7005357;2.4;4.11.1975 0:00;;;;;;;;;;;;;;0.7;;;;
Et kaup selkä 1;5520;227911;7005357;2.4;4.11.1975 0:00;1,0;4;98;13.3;;;40;590;7;1.4;;;;;7.6;;9.8;770
Et kaup selkä 1;5520;227911;7005357;2.4;17.3.1976 0:00;1,0;0;35;5;;;5;1600;2;0;;;;;6.3;;1;610
Et kaup selkä 1;5520;227911;7005357;2.4;1.6.1976 0:00;;;;;;;;;;;;;;1.4;;;;
Et kaup selkä 1;5520;227911;7005357;2.4;1.6.1976 0:00;1,0;2;105;10.4;;;30;660;2;14.2;;;;;7.4;;3.3;540
Et kaup selkä 1;5520;227911;7005357;2.4;11.8.1976 0:00;;;;;;;;;;;;;;1.5;;;;
Et kaup selkä 1;5520;227911;7005357;2.4;11.8.1976 0:00;1,0;0;102;9.1;;;16;420;2;19.5;;;;;7.9;;1.4;810
Et kaup selkä 1;5520;227911;7005357;2.4;26.10.1976 0:00;;;;;;;;;;;;;;1.8;;;;
Et kaup selkä 1;5520;227911;7005357;2.4;26.10.1976 0:00;1,0;31;94;12.7;;;20;330;130;1.8;;;;;7.5;;1.7;750
Et kaup selkä 1;5520;227911;7005357;2.4;28.3.1977 0:00;;;;;;;;;;;;;;2.1;;;;
Et kaup selkä 1;5520;227911;7005357;2.4;28.3.1977 0:00;1,0;;49;6.8;;;9;4100;;1.6;;;;;5.6;;16;310
Et kaup selkä 1;5520;227911;7005357;2.4;7.6.1977 0:00;;;;;;;;;;;;;;0.5;;;;
Et kaup selkä 1;5520;227911;7005357;2.4;7.6.1977 0:00;1,0;0;92;9.6;;;37;1600;13;12.1;;;;;5.9;;19;460
Et kaup selkä 1;5520;227911;7005357;2.4;9.8.1977 0:00;;;;;;;;;;;;;;1.7;;;;
Et kaup selkä 1;5520;227911;7005357;2.4;9.8.1977 0:00;1,0;4;101;9.3;;;10;390;14;17.7;;;;;7.6;;2;540
Et kaup selkä 1;5520;227911;7005357;2.4;18.10.1977 0:00;;;;;;;;;;;;;;1.4;;;;
Et kaup selkä 1;5520;227911;7005357;2.4;18.10.1977 0:00;1,0;0;96;12.1;;;9;780;5;4.3;;;;;;;5.8;490
Et kaup selkä 1;5520;227911;7005357;2.4;6.6.1978 0:00;;;;;;;;;;;;;;1.7;;;;
Et kaup selkä 1;5520;227911;7005357;2.4;6.6.1978 0:00;1,0;0;103;9.4;;;19;650;2;18.3;;;;;7.1;;1.7;420
Et kaup selkä 1;5520;227911;7005357;2.4;7.6.1978 0:00;0,0-1,0;;;;;4.6;;;;;;;;;;;;
Et kaup selkä 1;5520;227911;7005357;2.4;7.6.1978 0:00;1,0;;81;7.3;;;21;730;;19.3;;;;;5.2;1.74;2.6;350
Et kaup selkä 1;5520;227911;7005357;2.4;9.8.1978 0:00;;;;;;;;;;;;;;1.9;;;;
Et kaup selkä 1;5520;227911;7005357;2.4;9.8.1978 0:00;1,0;1;106;10;;;14;370;11;16.8;;;;;8.2;;0.86;720
Et kaup selkä 1;5520;227911;7005357;2.4;25.10.1978 0:00;;;;;;;;;;;;;;1.8;;;;
Et kaup selkä 1;5520;227911;7005357;2.4;25.10.1978 0:00;1,0;4;94;12.4;;;18;470;33;2.7;;;;;7.7;;2.8;760
Et kaup selkä 1;5520;227911;7005357;2.4;11.4.1979 11:00;0,5;;70;9.8;;;;;;0.3;;;;;5.7;;;42
Et kaup selkä 1;5520;227911;7005357;2.4;11.4.1979 11:00;1,3;;65;9.1;;;;;;0.5;;;;;5.9;;5.2;150
Et kaup selkä 1;5520;227911;7005357;2.4;7.6.1979 12:00;;;;;;;;;;;;;;2;;;;
Et kaup selkä 1;5520;227911;7005357;2.4;7.6.1979 12:00;0,0-1,0;;;;;1.3;;;;;;;;;;;;
Et kaup selkä 1;5520;227911;7005357;2.4;7.6.1979 12:00;1,0;0;106;9.9;;;;;;17.5;;;;;7.2;;3.1;500
Et kaup selkä 1;5520;227911;7005357;2.4;24.7.1979 10:00;;;;;;;;;;;;;;2.4;;;;
Et kaup selkä 1;5520;227911;7005357;2.4;24.7.1979 10:00;0,0-2,0;;;;;0.8;;;;;;;;;7.3;;;
Et kaup selkä 1;5520;227911;7005357;2.4;24.7.1979 10:00;1,0;0;102;9.2;;;;;1;19.1;;;;;6.6;;3.2;510
Et kaup selkä 1;5520;227911;7005357;2.4;28.8.1979 12:00;;;;;;;;;;;;;;2;;;;
Et kaup selkä 1;5520;227911;7005357;2.4;28.8.1979 12:00;0,0-2,0;;;;;2.5;;;;;;;;;7.4;;;
Et kaup selkä 1;5520;227911;7005357;2.4;28.8.1979 12:00;1,0;0;99;9.8;;;;;28;15.8;;;;;7.2;;2.2;540
Et kaup selkä 1;5520;227911;7005357;2.4;9.10.1979 11:00;;;;;;;;;;;;;;2.2;;;;
Et kaup selkä 1;5520;227911;7005357;2.4;9.10.1979 11:00;1,0;0;100;12.4;;;17;;2;5;;;;;6;;4.2;480
Et kaup selkä 1;5520;227911;7005357;2.4;22.1.1980 0:00;;;;;;;;;;;;;;1.2;;;;
Et kaup selkä 1;5520;227911;7005357;2.4;22.1.1980 0:00;0,5;;74;10.7;;;;;;0.3;;;;;;;;142
Et kaup selkä 1;5520;227911;7005357;2.4;22.1.1980 0:00;1,0;;76;10.8;;;12;1000;;1;;;;;6.8;;2;835
Et kaup selkä 1;5520;227911;7005357;2.4;25.3.1980 0:00;;;;;;;;;;;;;;1.2;;;;
Et kaup selkä 1;5520;227911;7005357;2.4;25.3.1980 0:00;0,7;;;;;;;;;0.7;;;;;;;;775
Et kaup selkä 1;5520;227911;7005357;2.4;25.3.1980 0:00;1,1;;52;7.4;;;218;2300;;0.7;;;;;6.4;;1.8;720
Et kaup selkä 1;5520;227911;7005357;2.4;7.5.1980 0:00;0,0-2,0;;;;;;56;;;;;;;;;;33;
Et kaup selkä 1;5520;227911;7005357;2.4;7.5.1980 0:00;1,0;;97;11.4;;;;;;8.3;;;;;6.7;;33;370
Et kaup selkä 1;5520;227911;7005357;2.4;14.5.1980 0:00;0,0-2,0;;;;;;14;;;;;;;;;;6.2;
Et kaup selkä 1;5520;227911;7005357;2.4;14.5.1980 0:00;1,0;;102;11.7;;;;;;9.2;;;;;5.6;;6.7;300
Et kaup selkä 1;5520;227911;7005357;2.4;4.6.1980 8:00;0,0-2,0;;;;;1.7;;;;;;;;;;;;
Et kaup selkä 1;5520;227911;7005357;2.4;4.6.1980 8:00;1,0;0;107;10.2;;;8;920;1;17.7;;;;;7.7;;1.6;520
Et kaup selkä 1;5520;227911;7005357;2.4;16.7.1980 8:00;0,0-1,5;;;;;3;;;;;;;;;;;;
Et kaup selkä 1;5520;227911;7005357;2.4;16.7.1980 8:00;1,0;40;98;9.1;;;32;500;40;18.8;;;;;7.7;;1.3;670
Et kaup selkä 1;5520;227911;7005357;2.4;20.8.1980 8:00;0,0-2,0;;;;;10;;;;;;;;;;;;
Et kaup selkä 1;5520;227911;7005357;2.4;20.8.1980 8:00;1,0;;96;9.4;;;23;580;;16.2;;;;;7.9;;1.7;532
Et kaup selkä 1;5520;227911;7005357;2.4;1.10.1980 13:00;;;;;;;;;;;;;;0.7;;;;
Et kaup selkä 1;5520;227911;7005357;2.4;1.10.1980 13:00;0,0-2,0;;;;;;25;;;;;;;;;;5.8;
Et kaup selkä 1;5520;227911;7005357;2.4;1.10.1980 13:00;1,0;;95;10.7;;;;;;10.2;;;;;7.7;;5.8;700
Et kaup selkä 1;5520;227911;7005357;2.4;7.10.1980 10:00;;;;;;;;;;;;;;0.5;;;;
Et kaup selkä 1;5520;227911;7005357;2.4;7.10.1980 10:00;1,0;8;93;11.1;;;60;660;105;7.7;;;;;7.3;;13;739
Et kaup selkä 1;5520;227911;7005357;2.4;8.10.1980 12:00;;;;;;;;;;;;;;0.5;;;;
Et kaup selkä 1;5520;227911;7005357;2.4;8.10.1980 12:00;0,0-2,0;;;;;;85;;;;;;;;;;17;
Et kaup selkä 1;5520;227911;7005357;2.4;8.10.1980 12:00;1,0;;90;10.6;;;;;;8.2;;;;;7.6;;18;798
Et kaup selkä 1;5520;227911;7005357;2.4;22.10.1980 9:00;;;;;;;;;;;;;;1.2;;;;
Et kaup selkä 1;5520;227911;7005357;2.4;22.10.1980 9:00;0,0-2,0;;;;;;19;;;;;;;;;;5.6;
Et kaup selkä 1;5520;227911;7005357;2.4;22.10.1980 9:00;1,0;;90;11.8;;;;;;4.2;;;;;6.7;;5.9;433
Et kaup selkä 1;5520;227911;7005357;2.4;21.1.1981 10:00;;;;;;;;;;;;;;1;;;;
Et kaup selkä 1;5520;227911;7005357;2.4;21.1.1981 10:00;1,0;;49;7.2;;;11;2500;;-0.1;;;;;5.7;;1.1;430
Et kaup selkä 1;5520;227911;7005357;2.4;21.1.1981 10:00;1,5;;56;8.2;;;;;;0.3;;;;;;;;683
Et kaup selkä 1;5520;227911;7005357;2.4;25.3.1981 10:00;;;;;;;;;;;;;;1.5;;;;
Et kaup selkä 1;5520;227911;7005357;2.4;25.3.1981 10:00;1,0;;49;7.2;;;11;3700;;0;;;;;5.7;;1.7;418
Et kaup selkä 1;5520;227911;7005357;2.4;14.5.1981 9:00;;;;;;;;;;;;;;0.3;;;;
Et kaup selkä 1;5520;227911;7005357;2.4;14.5.1981 9:00;0,0-1,8;;;;;;62;;;;;;;;;;17;
Et kaup selkä 1;5520;227911;7005357;2.4;14.5.1981 9:00;1,0;;84;9.8;;;;;;8.7;;;;;4.6;;17;25.6
Et kaup selkä 1;5520;227911;7005357;2.4;28.5.1981 9:00;;;;;;;;;;;;;;1.2;;;;
Et kaup selkä 1;5520;227911;7005357;2.4;28.5.1981 9:00;0,0-1,7;;;;;;17;;;;;;;;6.7;;4.5;305
Et kaup selkä 1;5520;227911;7005357;2.4;28.5.1981 9:00;1,0;;94;10.2;;;;;;11.5;;;;;6.5;;4.6;305
Et kaup selkä 1;5520;227911;7005357;2.4;8.6.1981 12:00;;;;;;;;;;;;;;1.8;;;;
Et kaup selkä 1;5520;227911;7005357;2.4;8.6.1981 12:00;0,0-2,0;;;;;5.9;;;;;;;;;;;;
Et kaup selkä 1;5520;227911;7005357;2.4;8.6.1981 12:00;1,0;0;101;10.4;;;20;790;3;14;;;;;7.4;;2.9;500
Et kaup selkä 1;5520;227911;7005357;2.4;8.7.1981 15:00;;;;;;;;;;;;;;1;;;;
Et kaup selkä 1;5520;227911;7005357;2.4;8.7.1981 15:00;0,0-2,1;;;;;;16;;;;;;;;;;4.3;
Et kaup selkä 1;5520;227911;7005357;2.4;8.7.1981 15:00;1,0;;;;;;;;;17.5;;;;;5.6;;8.2;305
Et kaup selkä 1;5520;227911;7005357;2.4;14.7.1981 12:00;;;;;;;;;;;;;;0.8;;;;
Et kaup selkä 1;5520;227911;7005357;2.4;14.7.1981 12:00;0,0-2,0;;;;;2.5;;;;18.7;;;;;;;;
Et kaup selkä 1;5520;227911;7005357;2.4;14.7.1981 12:00;1,0;0;93;8.7;;;11;1200;2;18.6;;;;;6.6;;5.1;340
Et kaup selkä 1;5520;227911;7005357;2.4;30.7.1981 14:00;0,0-1,5;;;;;;14;;;;;;;;;;2.6;
Et kaup selkä 1;5520;227911;7005357;2.4;30.7.1981 14:00;0,7;;102;9.3;;;;;;19.9;;;;;7.7;;1.5;550
Et kaup selkä 1;5520;227911;7005357;2.4;11.8.1981 13:00;;;;;;;;;;;;;;1.5;;;;
Et kaup selkä 1;5520;227911;7005357;2.4;11.8.1981 13:00;0,0-2,0;;;;;6.4;;;;18.2;;;;;;;;
Et kaup selkä 1;5520;227911;7005357;2.4;11.8.1981 13:00;1,0;2;98;9.3;;;16;540;20;18;;;;;8.2;;1.5;680
Et kaup selkä 1;5520;227911;7005357;2.4;17.8.1981 10:00;;;;;;;;;;;;;;1.6;;;;
Et kaup selkä 1;5520;227911;7005357;2.4;17.8.1981 10:00;1,0;;97;9.5;;;;;;16.2;;;;;7.9;;1.4;645
Et kaup selkä 1;5520;227911;7005357;2.4;6.10.1981 12:00;;;;;;;;;;;;;;1.8;;;;
Et kaup selkä 1;5520;227911;7005357;2.4;6.10.1981 12:00;1,0;3;95;10.7;;;26;400;25;10.3;;;;;7.7;;3.2;790
Et kaup selkä 1;5520;227911;7005357;2.4;27.1.1982 12:00;;;;;;;;;;;;;;1.9;;;;
Et kaup selkä 1;5520;227911;7005357;2.4;27.1.1982 12:00;1,0;;59;8.5;;;64;;;0.1;;;;;6.2;;2.5;325
Et kaup selkä 1;5520;227911;7005357;2.4;27.1.1982 12:00;1,5;;63;9;;;;;;0.1;;;;;6.4;;2.3;540
Et kaup selkä 1;5520;227911;7005357;2.4;19.3.1982 10:00;;;;;;;;;;;;;;0.8;;;;
Et kaup selkä 1;5520;227911;7005357;2.4;19.3.1982 10:00;1,0;;38;5.4;;;60;2000;;0.3;;;;;6.3;;6.6;263
Et kaup selkä 1;5520;227911;7005357;2.4;19.3.1982 10:00;1,5;;40;5.6;;;;;;0.9;;;;;6.5;;4.1;490
Et kaup selkä 1;5520;227911;7005357;2.4;7.6.1982 9:00;;;;;;;;;;;;;;0.5;;;;
Et kaup selkä 1;5520;227911;7005357;2.4;7.6.1982 9:00;0,0-1,5;;;;;16;;;;;;;;;;;;
Et kaup selkä 1;5520;227911;7005357;2.4;7.6.1982 9:00;1,0;0;99;10.1;;;32;760;12;13.7;;;;;7.7;;13;404
Et kaup selkä 1;5520;227911;7005357;2.4;20.7.1982 10:00;;;;;;;;;;;;;;2;;;;
Et kaup selkä 1;5520;227911;7005357;2.4;20.7.1982 10:00;0,0-1,7;;;;;4.5;;;;;;;;;;;;
Et kaup selkä 1;5520;227911;7005357;2.4;20.7.1982 10:00;1,0;0;98;8.8;;;32;310;2;19.1;;;;;7.5;;2.3;755
Et kaup selkä 1;5520;227911;7005357;2.4;16.8.1982 12:00;;;;;;;;;;;;;;1.2;;;;
Et kaup selkä 1;5520;227911;7005357;2.4;16.8.1982 12:00;0,0-1,6;;;;;5.4;;;;;;;;;;;;
Et kaup selkä 1;5520;227911;7005357;2.4;16.8.1982 12:00;1,0;6;94;8.9;;;21;970;10;16.8;;;;;7.6;;2.4;820
Et kaup selkä 1;5520;227911;7005357;2.4;6.10.1982 12:00;;;;;;;;;;;;;;1.5;;;;
Et kaup selkä 1;5520;227911;7005357;2.4;6.10.1982 12:00;1,0;20;95;10.4;;;19;780;15;9.8;;;;;7.7;;2.1;845
Et kaup selkä 1;5520;227911;7005357;2.4;7.2.1983 10:00;;;;;;;;;;;;;;2;;;;
Et kaup selkä 1;5520;227911;7005357;2.4;7.2.1983 10:00;0,5;;;9.8;;;;;;-0.1;;;;;6;3.5;5.5;540
Et kaup selkä 1;5520;227911;7005357;2.4;7.2.1983 10:00;1,0;;;11.1;;;;1900;;0;;;;;6.3;3.7;3.8;650
Et kaup selkä 1;5520;227911;7005357;2.4;16.3.1983 13:00;1,0;;64;9.1;;;;920;;0.1;;;;;6.6;4.1;1.2;730
Et kaup selkä 1;5520;227911;7005357;2.4;8.6.1983 8:00;;;;;;;;;;;;;;1.5;;;;
Et kaup selkä 1;5520;227911;7005357;2.4;8.6.1983 8:00;0,0-1,7;;;;;6;;;;;;;;;;;;
Et kaup selkä 1;5520;227911;7005357;2.4;8.6.1983 8:00;1,0;0;104;10.5;;;;500;0;13.7;;;;;7.3;4.1;2.3;640
Et kaup selkä 1;5520;227911;7005357;2.4;12.7.1983 13:00;0,0-1,5;;;;;1.7;;;;;;;;;;;;
Et kaup selkä 1;5520;227911;7005357;2.4;12.7.1983 13:00;1,0;0;107;9;;;;340;0;22.6;;;;;7.5;4.2;1.4;720
Et kaup selkä 1;5520;227911;7005357;2.4;17.8.1983 8:00;;;;;;;;;;;;;;2.5;;;;
Et kaup selkä 1;5520;227911;7005357;2.4;17.8.1983 8:00;0,0-2,0;;;;;7.9;;;;;;;;;;;;
Et kaup selkä 1;5520;227911;7005357;2.4;17.8.1983 8:00;1,0;16;115;11.4;;;12;280;30;14.3;;;;;7.8;4.8;1.9;760
Et kaup selkä 1;5520;227911;7005357;2.4;3.10.1983 8:00;;;;;;;;;;;;;;0.8;;;;
Et kaup selkä 1;5520;227911;7005357;2.4;3.10.1983 8:00;1,0;2;96;12;;;;560;5;4.6;;;;;6.8;4.5;8.9;780
Et kaup selkä 1;5520;227911;7005357;2.4;24.1.1984 11:00;;;;;;;;;;;;;;1.3;;;;
Et kaup selkä 1;5520;227911;7005357;2.4;24.1.1984 11:00;0,5;;48;7;;;14;3000;;;;;;;4.9;1.8;3.3;355
Et kaup selkä 1;5520;227911;7005357;2.4;24.1.1984 11:00;1,5;;70;9.9;;;12;1000;;;;;;;6.1;4.1;3;730
Et kaup selkä 1;5520;227911;7005357;2.4;20.3.1984 11:00;;;;;;;;;;;;;;1.8;;;;
Et kaup selkä 1;5520;227911;7005357;2.4;20.3.1984 11:00;1,0;;57;8;;;24;1800;;0.3;;;;;6.3;4.4;2.3;740
Et kaup selkä 1;5520;227911;7005357;2.4;20.3.1984 11:00;1,5;;55;7.8;;;;;;0.3;;;;;5.3;2.3;6.6;350
Et kaup selkä 1;5520;227911;7005357;2.4;13.6.1984 12:00;;;;;;;;;;;;;;1.9;;;;
Et kaup selkä 1;5520;227911;7005357;2.4;13.6.1984 12:00;0,0-1,7;;;;;5.8;;;;;;;;;;;;
Et kaup selkä 1;5520;227911;7005357;2.4;13.6.1984 12:00;1,0;0;105;10.5;;;13;380;0;14.1;;;;;8;4.4;1.1;740
Et kaup selkä 1;5520;227911;7005357;2.4;11.7.1984 14:00;0,0-1,4;;;;;2.4;;;;;;;;;;;;
Et kaup selkä 1;5520;227911;7005357;2.4;11.7.1984 14:00;1,0;0;103;9.2;;;19;310;0;19.6;;;;;7.9;4.6;1.4;745
Et kaup selkä 1;5520;227911;7005357;2.4;21.8.1984 12:00;;;;;;;;;;;;;;1.4;;;;
Et kaup selkä 1;5520;227911;7005357;2.4;21.8.1984 12:00;0,0-1,6;;;;;4.2;;;;;;;;;;;;
Et kaup selkä 1;5520;227911;7005357;2.4;21.8.1984 12:00;1,0;5;100;9.7;;;20;370;69;15.9;;;;;7.6;3.3;2.6;580
Et kaup selkä 1;5520;227911;7005357;2.4;2.10.1984 12:00;;;;;;;;;;;;;;1.3;;;;
Et kaup selkä 1;5520;227911;7005357;2.4;2.10.1984 12:00;1,0;29;98;11.3;;;23;380;130;7.9;;;;;7;3.8;3.6;660
Et kaup selkä 1;5520;227911;7005357;2.4;21.1.1985 11:00;;;;;;;;;;;;;;0.8;;;;
Et kaup selkä 1;5520;227911;7005357;2.4;21.1.1985 11:00;0,8;;;13;;;;;;;;;;;;2.4;;485
Et kaup selkä 1;5520;227911;7005357;2.4;21.1.1985 11:00;1,0;;;12.4;;;13;4900;;;;;;;4.9;2.9;6.8;535
Et kaup selkä 1;5520;227911;7005357;2.4;14.3.1985 10:00;1,0;;41;5.8;;;8;1400;;-0.1;;;;;6.3;4.7;1;740
Et kaup selkä 1;5520;227911;7005357;2.4;27.5.1985 0:00;0,0-1,5;;;;;0.3;;;;;;;;;;;;
Et kaup selkä 1;5520;227911;7005357;2.4;11.6.1985 12:00;;;;;;;;;;;;;;1.8;;;;
Et kaup selkä 1;5520;227911;7005357;2.4;11.6.1985 12:00;0,0-2,0;;;;;1.2;8;1500;;11.8;670;;;;;;;
Et kaup selkä 1;5520;227911;7005357;2.4;11.6.1985 12:00;1,0;0;99;10.6;;;8;1600;0;11.7;;;;;6.5;2.6;3.2;490
Et kaup selkä 1;5520;227911;7005357;2.4;26.6.1985 0:00;0,0-1,5;;;;;2.2;;;;;;;;;;;;
Et kaup selkä 1;5520;227911;7005357;2.4;17.7.1985 11:00;;;;;;;;;;;;;;1.4;;;;
Et kaup selkä 1;5520;227911;7005357;2.4;17.7.1985 11:00;0,0-2,0;;;;;4.7;;;;;;;;;;;;
Et kaup selkä 1;5520;227911;7005357;2.4;17.7.1985 11:00;1,0;0;100;9.3;;;18;910;0;18;;;;;7.8;3.3;3.8;590
Et kaup selkä 1;5520;227911;7005357;2.4;6.8.1985 0:00;0,0-1,5;;;;;5.1;;;;;;;;;;;;
Et kaup selkä 1;5520;227911;7005357;2.4;20.8.1985 12:00;;;;;;;;;;;;;;1.6;;;;
Et kaup selkä 1;5520;227911;7005357;2.4;20.8.1985 12:00;0,0-2,0;;;;;2.3;12;300;;18.3;11;;;;;;;
Et kaup selkä 1;5520;227911;7005357;2.4;20.8.1985 12:00;1,0;0;107;9.8;;;14;290;1;18.4;;;;;8;4.1;1.3;720
Et kaup selkä 1;5520;227911;7005357;2.4;8.10.1985 11:00;;;;;;;;;;;;;;1.5;;;;
Et kaup selkä 1;5520;227911;7005357;2.4;8.10.1985 11:00;1,0;1;101;11.3;;;16;260;1;9.3;;;;;7.8;3.9;3.1;705
Et kaup selkä 1;5520;227911;7005357;2.4;20.1.1986 12:00;0,7;;48;6.8;;;;;;-0.1;;;;;5.9;3.4;;520
Et kaup selkä 1;5520;227911;7005357;2.4;20.1.1986 12:00;1,0;;59;8.3;;;7;1400;;0.1;;;;;6.2;3.5;1.6;620
Et kaup selkä 1;5520;227911;7005357;2.4;13.3.1986 9:00;1,0;;41;5.8;;;10;1200;;0;;;;;6.5;4.2;0.55;730
Et kaup selkä 1;5520;227911;7005357;2.4;13.3.1986 9:00;1,5;;48;6.8;;;;;;0.2;;;;;6.6;4.4;;760
Et kaup selkä 1;5520;227911;7005357;2.4;26.5.1986 0:00;0,0-1,5;;;;;0.5;;;;;;;;;;;;
Et kaup selkä 1;5520;227911;7005357;2.4;11.6.1986 12:00;;;;;;;;;;;;;;2;;;;
Et kaup selkä 1;5520;227911;7005357;2.4;11.6.1986 12:00;0,0-2,0;;;;;3.7;13;600;;16.1;250;;;;;;;
Et kaup selkä 1;5520;227911;7005357;2.4;11.6.1986 12:00;1,0;0;106;10.3;;;12;630;0;15.8;;;;;7.9;3.7;1.3;660
Et kaup selkä 1;5520;227911;7005357;2.4;24.6.1986 0:00;0,0-1,5;;;;;4.5;;;;;;;;;;;;
Et kaup selkä 1;5520;227911;7005357;2.4;15.7.1986 13:00;;;;;;;;;;;;;;1.7;;;;
Et kaup selkä 1;5520;227911;7005357;2.4;15.7.1986 13:00;0,0-1,5;;;;;5.2;;;;;;;;;;;;
Et kaup selkä 1;5520;227911;7005357;2.4;15.7.1986 13:00;1,0;2;101;9.7;;;22;430;0;16.3;;;;;8.4;3.9;1.5;700
Et kaup selkä 1;5520;227911;7005357;2.4;31.7.1986 0:00;0,0-1,5;;;;;2.5;;;;;;;;;;;;
Et kaup selkä 1;5520;227911;7005357;2.4;19.8.1986 11:00;;;;;;;;;;;;;;1.4;;;;
Et kaup selkä 1;5520;227911;7005357;2.4;19.8.1986 11:00;0,0-2,0;;;;;4.2;21;390;;13.2;10;;;;;;;
Et kaup selkä 1;5520;227911;7005357;2.4;19.8.1986 11:00;1,0;3;97;9.8;;;21;400;10;13.6;;;;;8;4.4;1.2;760
Et kaup selkä 1;5520;227911;7005357;2.4;6.10.1986 12:00;;;;;;;;;;;;;;0.8;;;;
Et kaup selkä 1;5520;227911;7005357;2.4;6.10.1986 12:00;1,0;0;95;12.3;;;19;1900;0;4.1;;;;;5.1;1.5;9.5;290
Et kaup selkä 1;5520;227911;7005357;2.4;20.1.1987 11:00;;;;;;;;;;;;;;0.4;;;;
Et kaup selkä 1;5520;227911;7005357;2.4;20.1.1987 11:00;1,0;;92;13.1;;;6;2500;;0;;;;;5.3;4.1;3.4;780
Et kaup selkä 1;5520;227911;7005357;2.4;20.1.1987 11:00;1,5;;89;12.6;;;;;;0.3;;;;;6;4.5;;850
Et kaup selkä 1;5520;227911;7005357;2.4;18.3.1987 15:00;;;;;;;;;;;;;;1.2;;;;
Et kaup selkä 1;5520;227911;7005357;2.4;18.3.1987 15:00;1,0;;34;4.8;;;12;2000;;-0.1;;;;;6.3;5.1;2.1;880
Et kaup selkä 1;5520;227911;7005357;2.4;18.3.1987 15:00;1,5;;35;4.9;;;;;;-0.1;;;;;6.3;5.1;;890
Et kaup selkä 1;5520;227911;7005357;2.4;25.5.1987 13:00;;;;;;;;;;;;;;0.8;;;;
Et kaup selkä 1;5520;227911;7005357;2.4;25.5.1987 13:00;0,0-1,5;;;;;2.2;;;;9.7;;;;;;;;
Et kaup selkä 1;5520;227911;7005357;2.4;8.6.1987 13:00;;;;;;;;;;;;;;0.9;;;;
Et kaup selkä 1;5520;227911;7005357;2.4;8.6.1987 13:00;0,0-1,5;;;;;3.2;19;1400;;14.4;520;3;;;;;;
Et kaup selkä 1;5520;227911;7005357;2.4;8.6.1987 13:00;0,1;5;;;;;;;5;;;;;;;;;
Et kaup selkä 1;5520;227911;7005357;2.4;8.6.1987 13:00;1,0;;99;10;;;16;1300;;14.5;;;;;6.8;2;6.8;400
Et kaup selkä 1;5520;227911;7005357;2.4;29.6.1987 16:00;;;;;;;;;;;;;;2;;;;
Et kaup selkä 1;5520;227911;7005357;2.4;29.6.1987 16:00;0,0-1,5;;;;;2.4;;;;16.4;;;;;;;;
Et kaup selkä 1;5520;227911;7005357;2.4;13.7.1987 12:00;;;;;;;;;;;;;;2;;;;
Et kaup selkä 1;5520;227911;7005357;2.4;13.7.1987 12:00;0,0-1,2;;;;;4.4;12;650;;16.6;330;2;;;;;;
Et kaup selkä 1;5520;227911;7005357;2.4;13.7.1987 12:00;0,0-1,5;;;;;3.2;11;720;;16.3;410;2;;;;;;
Et kaup selkä 1;5520;227911;7005357;2.4;27.7.1987 12:00;0,0-2,0;;;;;1.7;;;;;;;;;;;;
Et kaup selkä 1;5520;227911;7005357;2.4;18.8.1987 11:00;;;;;;;;;;;;;;1.1;;;;
Et kaup selkä 1;5520;227911;7005357;2.4;18.8.1987 11:00;0,0-0,7;;;;;0.8;13;390;;;9;1;;;;;;
Et kaup selkä 1;5520;227911;7005357;2.4;18.8.1987 11:00;0,1;0;;;;;;;2;;;;;;;;;
Et kaup selkä 1;5520;227911;7005357;2.4;18.8.1987 11:00;0,7;;103;10.3;;;12;340;;14.4;;;;;8;3.4;1.4;640
Et kaup selkä 1;5520;227911;7005357;2.4;5.10.1987 11:00;;;;;;;;;;;;;;0.9;;;;
Et kaup selkä 1;5520;227911;7005357;2.4;5.10.1987 11:00;0,1;0;;;;;;;3;;;;;;;;;
Et kaup selkä 1;5520;227911;7005357;2.4;5.10.1987 11:00;1,0;;96;11.4;;;17;1400;;7.3;;;;;6.9;2;8.1;400
Et kaup selkä 1;5520;227911;7005357;2.4;28.1.1988 12:00;;;;;;;;;;;;;;1.2;;;;
Et kaup selkä 1;5520;227911;7005357;2.4;28.1.1988 12:00;0,5;;59;8.6;;;;;;0;;;;;;0.56;;160
Et kaup selkä 1;5520;227911;7005357;2.4;28.1.1988 12:00;1,0;;60;8.8;;;9;2900;;-0.1;;;;;4.7;0.92;2.2;260
Et kaup selkä 1;5520;227911;7005357;2.4;18.3.1988 8:00;1,0;;50;7.3;;;8.5;2900;;0.1;;;;;4.8;1.5;3.4;346
Et kaup selkä 1;5520;227911;7005357;2.4;18.3.1988 8:00;1,5;;66;9.5;;;;;;0.1;;;;;;2.8;;640
Et kaup selkä 1;5520;227911;7005357;2.4;13.6.1988 12:00;;;;;;;;;;;;;;1.5;;;;
Et kaup selkä 1;5520;227911;7005357;2.4;13.6.1988 12:00;0,0-2,0;;;;;5.8;13;1100;;15.5;630;3;;;;;;
Et kaup selkä 1;5520;227911;7005357;2.4;13.6.1988 12:00;0,1;0;;;;;;;3;;;;;;;;;
Et kaup selkä 1;5520;227911;7005357;2.4;13.6.1988 12:00;1,0;;107;10.5;;;12;1100;;15.8;;;;;7.7;2.7;2;520
Et kaup selkä 1;5520;227911;7005357;2.4;27.6.1988 9:00;;;;;;;;;;;;;;1.5;;;;
Et kaup selkä 1;5520;227911;7005357;2.4;27.6.1988 9:00;0,0-1,5;;;;;5.4;;;;;;;;;;;;
Et kaup selkä 1;5520;227911;7005357;2.4;11.7.1988 8:00;;;;;;;;;;;;;;1.6;;;;
Et kaup selkä 1;5520;227911;7005357;2.4;11.7.1988 8:00;0,0-2,0;;;;;4.2;10;490;;20.3;2;0;;;;;;
Et kaup selkä 1;5520;227911;7005357;2.4;11.7.1988 8:00;0,1;10;;;;;;;40;;;;;;;;;
Et kaup selkä 1;5520;227911;7005357;2.4;28.7.1988 15:00;;;;;;;;;;;;;;1.5;;;;
Et kaup selkä 1;5520;227911;7005357;2.4;28.7.1988 15:00;0,0-2,0;;;;;6.2;;;;18.9;;;;;;;;
Et kaup selkä 1;5520;227911;7005357;2.4;17.8.1988 13:00;;;;;;;;;;;;;;2.3;;;;
Et kaup selkä 1;5520;227911;7005357;2.4;17.8.1988 13:00;0,0-2,0;;;;;9.3;19;700;;15.8;76;2;;;;;;
Et kaup selkä 1;5520;227911;7005357;2.4;17.8.1988 13:00;0,1;4;;;;;;;10;;;;;;;;;
Et kaup selkä 1;5520;227911;7005357;2.4;17.8.1988 13:00;1,0;;99;9.6;;;18;570;;16;;;;;7.7;2.6;2.4;500
Et kaup selkä 1;5520;227911;7005357;2.4;3.10.1988 0:00;;;;;;;;;;;;;;1.2;;;;
Et kaup selkä 1;5520;227911;7005357;2.4;3.10.1988 0:00;0,1;0;;;;;;;2;;;;;;;;;
Et kaup selkä 1;5520;227911;7005357;2.4;3.10.1988 0:00;1,0;;102;11.6;;;9;1100;;9.2;;;;;6.9;2.9;3.6;540
Et kaup selkä 1;5520;227911;7005357;2.4;17.1.1989 8:00;;;;;;;;;;;;;;2.5;;;;
Et kaup selkä 1;5520;227911;7005357;2.4;17.1.1989 8:00;1,0;;79;11.2;;;9;660;;0.1;;;;;7;4.6;1.2;800
Et kaup selkä 1;5520;227911;7005357;2.4;17.1.1989 8:00;1,5;;80;11.3;;;;;;0.2;;;;;;4.6;;810
Et kaup selkä 1;5520;227911;7005357;2.4;14.3.1989 10:00;0,5;;70;10.1;;;;;;0.3;;;;;;0.1;;54
Et kaup selkä 1;5520;227911;7005357;2.4;14.3.1989 10:00;1,0;;69;10;;;9;4800;;0.4;3100;11;;;4.6;0.1;2.7;55
Et kaup selkä 1;5520;227911;7005357;2.4;29.5.1989 9:00;;;;;;;;;;;;;;0.8;;;;
Et kaup selkä 1;5520;227911;7005357;2.4;29.5.1989 9:00;0,0-2,0;;;;;8.9;;;;12.5;;;;;;;;
Et kaup selkä 1;5520;227911;7005357;2.4;13.6.1989 10:00;;;;;;;;;;;;;;1.9;;;;
Et kaup selkä 1;5520;227911;7005357;2.4;13.6.1989 10:00;0,0-2,0;;;;;13;19;560;;16;160;2;;;;;;
Et kaup selkä 1;5520;227911;7005357;2.4;13.6.1989 10:00;0,1;1;;;;;;;6;;;;;;;;;
Et kaup selkä 1;5520;227911;7005357;2.4;13.6.1989 10:00;1,0;;112;10.8;;;18;540;;;;;;;7.9;3.6;2.2;630
Et kaup selkä 1;5520;227911;7005357;2.4;27.6.1989 13:00;;;;;;;;;;;;;;1.2;;;;
Et kaup selkä 1;5520;227911;7005357;2.4;27.6.1989 13:00;0,0-2,0;;;;;14;;;;19.3;;;;;;;;
Et kaup selkä 1;5520;227911;7005357;2.4;17.7.1989 14:00;;;;;;;;;;;;;;1.8;;;;
Et kaup selkä 1;5520;227911;7005357;2.4;17.7.1989 14:00;0,0-1,5;;;;;5.9;14;470;;17.1;2;1;;;;;;
Et kaup selkä 1;5520;227911;7005357;2.4;17.7.1989 14:00;0,1;1;;;;;;;1;17.1;;;;;;;;
Et kaup selkä 1;5520;227911;7005357;2.4;2.8.1989 8:00;;;;;;;;;;;;;;1.9;;;;
Et kaup selkä 1;5520;227911;7005357;2.4;2.8.1989 8:00;0,0-2,0;;;;;6.7;;;;18.2;;;;;;;;
Et kaup selkä 1;5520;227911;7005357;2.4;15.8.1989 7:00;;;;;;;;;;;;;;1.7;;;;
Et kaup selkä 1;5520;227911;7005357;2.4;15.8.1989 7:00;0,0-1,6;;;;;6.4;18;450;;17.4;2;0;;;;;;
Et kaup selkä 1;5520;227911;7005357;2.4;15.8.1989 7:00;0,1;2;;;;;;;29;;;;;;;;;
Et kaup selkä 1;5520;227911;7005357;2.4;15.8.1989 7:00;1,0;;97;9;;;13;420;;17.7;;;;;8;4.7;1.4;840
Et kaup selkä 1;5520;227911;7005357;2.4;2.10.1989 9:00;;;;;;;;;;;;;;0.8;;;;
Et kaup selkä 1;5520;227911;7005357;2.4;2.10.1989 9:00;0,1;5;;;;;;;30;;;;;;;;;
Et kaup selkä 1;5520;227911;7005357;2.4;2.10.1989 9:00;1,0;;96;11.2;;;38;640;;7.8;;;;;7.8;4.6;7;830
Et kaup selkä 1;5520;227911;7005357;2.4;16.1.1990 10:00;;;;;;;;;;;;;;1.7;;;;
Et kaup selkä 1;5520;227911;7005357;2.4;16.1.1990 10:00;0,6;;72;10.3;;;;;;0.3;;;;;;2.1;;730
Et kaup selkä 1;5520;227911;7005357;2.4;16.1.1990 10:00;1,0;;77;10.8;;;7;720;;0.3;;;;;7;4.8;1.5;840
Et kaup selkä 1;5520;227911;7005357;2.4;7.3.1990 10:00;;;;;;;;;;;;;;0.6;;;;
Et kaup selkä 1;5520;227911;7005357;2.4;7.3.1990 10:00;1,0;;71;10.2;;;15;4400;;0.5;;;;;4.6;1;8.9;330
Et kaup selkä 1;5520;227911;7005357;2.4;7.3.1990 10:00;2,0;;81;11.4;;;6;910;;0.5;;;;;6.7;4.5;3.3;740
Et kaup selkä 1;5520;227911;7005357;2.4;12.6.1990 12:00;;;;;;;;;;;;;;1.3;;;;
Et kaup selkä 1;5520;227911;7005357;2.4;12.6.1990 12:00;0,0-2,0;;;;;8.6;10;570;;;210;3;;;;;;
Et kaup selkä 1;5520;227911;7005357;2.4;12.6.1990 12:00;0,1-0,1;0;;;;;;;0;;;;;;;;;
Et kaup selkä 1;5520;227911;7005357;2.4;12.6.1990 12:00;1,0-1,0;;110;10.6;;;12;570;;;;;;;8.2;3.5;2.3;610
Et kaup selkä 1;5520;227911;7005357;2.4;26.6.1990 8:00;;;;;;;;;;;;;;2;;;;
Et kaup selkä 1;5520;227911;7005357;2.4;26.6.1990 8:00;0,0-2,0;;;;;4.4;;;;16.2;;;;;;;;
Et kaup selkä 1;5520;227911;7005357;2.4;9.7.1990 14:00;;;;;;;;;;;;;;2;;;;
Et kaup selkä 1;5520;227911;7005357;2.4;9.7.1990 14:00;0,0-2,0;;;;;3.6;11;360;;17;2;1;;;;;;
Et kaup selkä 1;5520;227911;7005357;2.4;9.7.1990 14:00;0,1;24;;;;;;;2;17;;;;;;;;
Et kaup selkä 1;5520;227911;7005357;2.4;1.8.1990 9:00;;;;;;;;;;;;;;1.5;;;;
Et kaup selkä 1;5520;227911;7005357;2.4;1.8.1990 9:00;0,0-2,0;;;;;8.4;;;;18.6;;;;;;;;
Et kaup selkä 1;5520;227911;7005357;2.4;13.8.1990 7:00;;;;;;;;;;;;;;1.4;;;;
Et kaup selkä 1;5520;227911;7005357;2.4;13.8.1990 7:00;0,0-2,0;;;;;6.1;16;510;;18;2;0;;;;;;
Et kaup selkä 1;5520;227911;7005357;2.4;13.8.1990 7:00;0,1;0;;;;;;;3;18;;;;;;;;
Et kaup selkä 1;5520;227911;7005357;2.4;13.8.1990 7:00;1,0;;102;9.5;;;16;470;;18;;;;;7.9;3.1;1.4;570
Et kaup selkä 1;5520;227911;7005357;2.4;1.10.1990 10:00;;;;;;;;;;;;;;1.7;;;;
Et kaup selkä 1;5520;227911;7005357;2.4;1.10.1990 10:00;1,0;;101;11.8;;;13;340;;7.3;;;;;7.9;4.3;2;750
Et kaup selkä 1;5520;227911;7005357;2.4;28.1.1991 10:00;;;;;;;;;;;;;;2.2;;;;
Et kaup selkä 1;5520;227911;7005357;2.4;28.1.1991 10:00;1,0-1,0;;46;6.5;;;7;680;;0.5;;;;;7;4.2;1.1;810
Et kaup selkä 1;5520;227911;7005357;2.4;5.3.1991 14:00;;;;;;;;;;;;;;1.7;;;;
Et kaup selkä 1;5520;227911;7005357;2.4;5.3.1991 14:00;1,0-1,0;;78;10.8;;;4;1200;;0.8;;;;;6.7;4.6;1.3;780
Et kaup selkä 1;5520;227911;7005357;2.4;10.6.1991 8:00;;;;;;;;;;;;;;2;;;;
Et kaup selkä 1;5520;227911;7005357;2.4;10.6.1991 8:00;0,0-2,0;;;;;0.9;7;1600;;14.8;950;2;;;;;;
Et kaup selkä 1;5520;227911;7005357;2.4;10.6.1991 8:00;0,1;0;;;;;;;0;14.8;;;;;;;;
Et kaup selkä 1;5520;227911;7005357;2.4;10.6.1991 8:00;1,0;;103;10.4;;;5;1700;;14.8;;;;;6.1;2.1;2.6;420
Et kaup selkä 1;5520;227911;7005357;2.4;26.6.1991 8:00;;;;;;;;;;;;;;1.2;;;;
Et kaup selkä 1;5520;227911;7005357;2.4;26.6.1991 8:00;0,0-2,0;;;;;4.2;;;;15.6;;;;;;;;
Et kaup selkä 1;5520;227911;7005357;2.4;16.7.1991 8:00;;;;;;;;;;;;;;2;;;;
Et kaup selkä 1;5520;227911;7005357;2.4;16.7.1991 8:00;0,0-2,0;;;;;3.5;12;760;;17.8;380;3;;;;;;
Et kaup selkä 1;5520;227911;7005357;2.4;16.7.1991 8:00;0,1;0;;;;;;;4;17.8;;;;;;;;
Et kaup selkä 1;5520;227911;7005357;2.4;31.7.1991 8:00;0,0-2,0;;;;;6.2;;;;20.8;;;;;;;;
Et kaup selkä 1;5520;227911;7005357;2.4;20.8.1991 8:00;;;;;;;;;;;;;;2.3;;;;
Et kaup selkä 1;5520;227911;7005357;2.4;20.8.1991 8:00;0,0-1,0;;;;;4.7;14;440;;17.6;2;0;;;;;;
Et kaup selkä 1;5520;227911;7005357;2.4;20.8.1991 8:00;0,1;4;;;;;;;3;17.6;;;;;;;;
Et kaup selkä 1;5520;227911;7005357;2.4;20.8.1991 8:00;1,0;;92;8.7;;;12;400;;17.6;;;;;7.9;3;1.2;560
Et kaup selkä 1;5520;227911;7005357;2.4;30.9.1991 12:00;;;;;;;;;;;;;;2;;;;
Et kaup selkä 1;5520;227911;7005357;2.4;30.9.1991 12:00;1,0;;98;11.5;;;15;470;;7.6;;;;;7.9;3.8;1.8;680
Et kaup selkä 1;5520;227911;7005357;2.4;28.1.1992 9:00;;;;;;;;;;;;;;2;;;;
Et kaup selkä 1;5520;227911;7005357;2.4;28.1.1992 9:00;1,0;;80;11.4;;;4;1200;;0.1;;;;;6.8;4.4;1.7;800
Et kaup selkä 1;5520;227911;7005357;2.4;30.3.1992 13:00;;;;;;;;;;;;;;0.9;;;;
Et kaup selkä 1;5520;227911;7005357;2.4;30.3.1992 13:00;1,0;;76;10.8;;;20;5400;;1.3;;;;;4.6;0.1;4.6;68
Et kaup selkä 1;5520;227911;7005357;2.4;9.6.1992 8:00;;;;;;;;;;;;;;1.2;;;;
Et kaup selkä 1;5520;227911;7005357;2.4;9.6.1992 8:00;0,0-1,0;;;;;11;14;1500;;17;910;6;;;;;;
Et kaup selkä 1;5520;227911;7005357;2.4;9.6.1992 8:00;0,1;0;;;;;;;5;;;;;;;;;
Et kaup selkä 1;5520;227911;7005357;2.4;9.6.1992 8:00;1,0;;105;10;;;14;1400;;17.2;;;;;7.5;2.4;2.3;480
Et kaup selkä 1;5520;227911;7005357;2.4;30.6.1992 8:00;0,0-1,5;;;;;4.7;;;;17.4;;;;;;;;
Et kaup selkä 1;5520;227911;7005357;2.4;13.7.1992 8:00;;;;;;;;;;;;;;1.8;;;;
Et kaup selkä 1;5520;227911;7005357;2.4;13.7.1992 8:00;0,0-1,0;;;;;4.4;21;460;;19.6;2;1;;;;;;
Et kaup selkä 1;5520;227911;7005357;2.4;13.7.1992 8:00;0,1;0;;;;;;;3;19.6;;;;;;;;
Et kaup selkä 1;5520;227911;7005357;2.4;27.7.1992 8:00;0,0-1,5;;;;;3.6;;;;20;;;;;;;;
Et kaup selkä 1;5520;227911;7005357;2.4;10.8.1992 8:00;0,0-1,0;;;;;3.1;14;450;;15;2;1;;;;;;
Et kaup selkä 1;5520;227911;7005357;2.4;10.8.1992 8:00;0,1;0;;;;;;;0;;;;;;;;;
Et kaup selkä 1;5520;227911;7005357;2.4;10.8.1992 8:00;1,0;;102;9.9;;;13;390;;15.9;;;;;8.1;4.3;1.3;790
Et kaup selkä 1;5520;227911;7005357;2.4;5.10.1992 8:00;1,0;;97;11.4;;;9;2000;;8.1;;;;;6.3;1.7;5.2;320
Et kaup selkä 1;5520;227911;7005357;2.4;21.1.1993 11:00;;;;;;;;;;;;;;1.2;;;;
Et kaup selkä 1;5520;227911;7005357;2.4;21.1.1993 11:00;1,0;;85;12;;;5;1800;;0.2;;;1000;;6.7;4.1;3.3;680
Et kaup selkä 1;5520;227911;7005357;2.4;10.3.1993 13:00;1,0;;76;10.4;;;7;640;;1.2;;;;;6.8;4.4;1.6;780
Et kaup selkä 1;5520;227911;7005357;2.4;9.6.1993 8:00;0,0-1,0;;;;;7.1;12;660;;12;240;3;;;;;;
Et kaup selkä 1;5520;227911;7005357;2.4;9.6.1993 8:00;1,0;1;109;11.5;;;11;640;0;12.2;;;;;8.4;3.4;2;630
Et kaup selkä 1;5520;227911;7005357;2.4;30.6.1993 8:00;;;;;;;;;;;;;;2;;;;
Et kaup selkä 1;5520;227911;7005357;2.4;30.6.1993 8:00;0,0-1,0;;;;;6.5;;;;16;;;;;;;;
Et kaup selkä 1;5520;227911;7005357;2.4;13.7.1993 8:00;;;;;;;;;;;;;;2.2;;;;
Et kaup selkä 1;5520;227911;7005357;2.4;13.7.1993 8:00;0,0-1,0;;;;;4.4;14;410;;16.2;2;0;;;;;;
Et kaup selkä 1;5520;227911;7005357;2.4;13.7.1993 8:00;0,1;0;;;;;;;13;16.2;;;;;;;;
Et kaup selkä 1;5520;227911;7005357;2.4;26.7.1993 0:00;;;;;;;;;;;;;;0.6;;;;
Et kaup selkä 1;5520;227911;7005357;2.4;26.7.1993 0:00;0,0-1,0;;;;;26;;;;18.5;;;;;;;;
Et kaup selkä 1;5520;227911;7005357;2.4;9.8.1993 7:00;;;;;;;;;;;;;;1.8;;;;
Et kaup selkä 1;5520;227911;7005357;2.4;9.8.1993 7:00;0,0-2,0;;;;;5.2;14;460;;16.4;2;0;;;;;;
Et kaup selkä 1;5520;227911;7005357;2.4;9.8.1993 7:00;1,0;0;102;9.8;;;14;430;5;16.4;;;;;8.2;3.4;1.4;630
Et kaup selkä 1;5520;227911;7005357;2.4;4.10.1993 9:00;;;;;;;;;;;;;;1.5;;;;
Et kaup selkä 1;5520;227911;7005357;2.4;4.10.1993 9:00;1,0;;99;12.3;;;10;1400;;5.5;;;;;7.1;2.6;5.6;500
Et kaup selkä 1;5520;227911;7005357;2.4;17.1.1994 15:00;;;;;;;;;;;;;;1.2;;;;
Et kaup selkä 1;5520;227911;7005357;2.4;17.1.1994 15:00;1,0;;72;10.1;;;7;1300;;0.7;;;;;6.6;4;3.8;700
Et kaup selkä 1;5520;227911;7005357;2.4;8.3.1994 15:00;;;;;;;;;;;;;;2;;;;
Et kaup selkä 1;5520;227911;7005357;2.4;8.3.1994 15:00;1,0;;63;8.9;;;10;1100;;0.2;;;;;6.6;4.7;1.1;840
Et kaup selkä 1;5520;227911;7005357;2.4;13.6.1994 8:00;;;;;;;;;;;;;;1.2;;;;
Et kaup selkä 1;5520;227911;7005357;2.4;13.6.1994 8:00;0,0-2,0;;;;;9.1;15;680;;14.2;240;2;;;;;;
Et kaup selkä 1;5520;227911;7005357;2.4;13.6.1994 8:00;1,0;0;104;10.6;;;13;610;2;14.2;;;;;7.6;2.2;2.3;440
Et kaup selkä 1;5520;227911;7005357;2.4;29.6.1994 15:00;;;;;;;;;;;;;;1.2;;;;
Et kaup selkä 1;5520;227911;7005357;2.4;29.6.1994 15:00;0,0-2,0;;;;;4.4;;;;19.3;;;;;;;;
Et kaup selkä 1;5520;227911;7005357;2.4;11.7.1994 8:00;;;;;;;;;;;;;;2.1;;;;
Et kaup selkä 1;5520;227911;7005357;2.4;11.7.1994 8:00;0,0-1,5;0;;;;3.8;13;420;0;20.6;2;0;;;;;;
Et kaup selkä 1;5520;227911;7005357;2.4;25.7.1994 8:00;;;;;;;;;;;;;;1.7;;;;
Et kaup selkä 1;5520;227911;7005357;2.4;25.7.1994 8:00;0,0-2,0;;;;;2.5;;;;20;;;;;;;;
Et kaup selkä 1;5520;227911;7005357;2.4;8.8.1994 8:00;;;;;;;;;;;;;;1.8;;;;
Et kaup selkä 1;5520;227911;7005357;2.4;8.8.1994 8:00;0,0-1,0;;;;;4.6;15;540;;19.9;5;0;;;;;;
Et kaup selkä 1;5520;227911;7005357;2.4;8.8.1994 8:00;1,0;11;99;8.9;;;19;530;24;19.9;;;;;7.7;2.1;1.2;560
Et kaup selkä 1;5520;227911;7005357;2.4;3.10.1994 13:00;;;;;;;;;;;;;;1.8;;;;
Et kaup selkä 1;5520;227911;7005357;2.4;3.10.1994 13:00;1,0;;93;11.3;;;13;360;;5.7;;;;;7.7;4.3;3;800
Et kaup selkä 1;5520;227911;7005357;2.4;23.1.1995 13:00;;;;;;;;;;;;;;1.4;;;;
Et kaup selkä 1;5520;227911;7005357;2.4;23.1.1995 13:00;1,0;;76;10.7;;;2;1200;;0.5;;;;;6.5;3.6;2.6;690
Et kaup selkä 1;5520;227911;7005357;2.4;1.3.1995 15:00;;;;;;;;;;;;;;2.3;;;;
Et kaup selkä 1;5520;227911;7005357;2.4;1.3.1995 15:00;1,0;;77;10.9;;;7;1400;;0.5;;;;;6.6;3.8;2.8;710
Et kaup selkä 1;5520;227911;7005357;2.4;12.6.1995 19:00;;;;;;;;;;;;;;1;;;;
Et kaup selkä 1;5520;227911;7005357;2.4;12.6.1995 19:00;0,0-1,0;;;;;9.2;17;620;;15.9;;;240;;;;;
Et kaup selkä 1;5520;227911;7005357;2.4;12.6.1995 19:00;1,0;0;106;10.3;;;16;600;11;15.9;;;;;7.6;2.7;3.1;510
Et kaup selkä 1;5520;227911;7005357;2.4;10.7.1995 9:00;;;;;;;;;;;;;;1.8;;;;
Et kaup selkä 1;5520;227911;7005357;2.4;10.7.1995 9:00;0,0-1,0;1;;;;3.8;14;410;3;15.6;;;2;;;;;
Et kaup selkä 1;5520;227911;7005357;2.4;26.7.1995 17:00;;;;;;;;;;;;;;2;;;;
Et kaup selkä 1;5520;227911;7005357;2.4;26.7.1995 17:00;0,0-1,0;;;;;2.4;;;;18;;;;;;;;
Et kaup selkä 1;5520;227911;7005357;2.4;14.8.1995 16:00;;;;;;;;;;;;;;1.1;;;;
Et kaup selkä 1;5520;227911;7005357;2.4;14.8.1995 16:00;0,0-1,0;;;;;1.3;10;330;;;;;2;;;;;
Et kaup selkä 1;5520;227911;7005357;2.4;14.8.1995 16:00;1,0;0;118;10.7;;;11;320;0;19.3;;;;;8.1;3.6;0.91;670
Et kaup selkä 1;5520;227911;7005357;2.4;2.10.1995 8:00;;;;;;;;;;;;;;1.6;;;;
Et kaup selkä 1;5520;227911;7005357;2.4;2.10.1995 8:00;1,0;;98;11.4;;;17;410;;7.7;;;;;7.7;4.5;3;800
Et kaup selkä 1;5520;227911;7005357;2.4;15.1.1996 14:00;;;;;;;;;;;;;;2;;;;
Et kaup selkä 1;5520;227911;7005357;2.4;15.1.1996 14:00;1,0;;51;7.2;;;12;730;;0.6;;;;;6.9;4.5;0.56;850
Et kaup selkä 1;5520;227911;7005357;2.4;11.3.1996 12:00;;;;;;;;;;;;;;1.3;;;;
Et kaup selkä 1;5520;227911;7005357;2.4;11.3.1996 12:00;1,0;;22;3.2;;;11;890;;-0.2;;;;;6.8;4.7;1.2;850
Et kaup selkä 1;5520;227911;7005357;2.4;10.6.1996 18:00;;;;;;;;;;;;;;1.1;;;;
Et kaup selkä 1;5520;227911;7005357;2.4;10.6.1996 18:00;0,0-1,0;;;;;3.7;;;;;;;;;;;;
Et kaup selkä 1;5520;227911;7005357;2.4;10.6.1996 18:00;1,0;0;113;10.6;;;14;770;0;17.8;;;350;;7.4;3.2;4;600
Et kaup selkä 1;5520;227911;7005357;2.4;26.6.1996 8:00;;;;;;;;;;;;;;1.8;;;;
Et kaup selkä 1;5520;227911;7005357;2.4;26.6.1996 8:00;0,0-1,0;;;;;4.8;;;;14.6;;;;;;;;
Et kaup selkä 1;5520;227911;7005357;2.4;8.7.1996 8:00;;;;;;;;;;;;;;2;;;;
Et kaup selkä 1;5520;227911;7005357;2.4;8.7.1996 8:00;0,0-1,0;;;;;3.6;;;;;;;;;;;;
Et kaup selkä 1;5520;227911;7005357;2.4;8.7.1996 8:00;1,0;5;;;;;9;360;0;16.8;;;62;;;;;
Et kaup selkä 1;5520;227911;7005357;2.4;22.7.1996 10:00;;;;;;;;;;;;;;1.8;;;;
Et kaup selkä 1;5520;227911;7005357;2.4;22.7.1996 10:00;0,0-1,0;;;;;1;;;;17.4;;;;;;;;
Et kaup selkä 1;5520;227911;7005357;2.4;5.8.1996 8:00;;;;;;;;;;;;;;1.7;;;;
Et kaup selkä 1;5520;227911;7005357;2.4;5.8.1996 8:00;0,0-1,0;;;;;3.7;;;;16.7;;;;;;;;
Et kaup selkä 1;5520;227911;7005357;2.4;5.8.1996 8:00;1,0;0;103;9.9;;;9;390;0;16.7;;;51;;6.8;2;1.6;390
Et kaup selkä 1;5520;227911;7005357;2.4;2.10.1996 16:00;;;;;;;;;;;;;;1;;;;
Et kaup selkä 1;5520;227911;7005357;2.4;2.10.1996 16:00;1,0;;100;11.2;;;23;420;;9.2;;;;;7.8;4.2;3.1;760
Et kaup selkä 1;5520;227911;7005357;2.4;27.1.1997 13:00;;;;;;;;;;;;;;1.7;;;;
Et kaup selkä 1;5520;227911;7005357;2.4;27.1.1997 13:00;1,0;;56;7.9;;;6;1200;;0.6;;;;;6.5;4.4;3;810
Et kaup selkä 1;5520;227911;7005357;2.4;4.3.1997 14:00;;;;;;;;;;;;;;1.9;;;;
Et kaup selkä 1;5520;227911;7005357;2.4;4.3.1997 14:00;1,0;;51;7.2;;;4;4500;;0.7;;;2800;;4.6;1.5;1.6;340
Et kaup selkä 1;5520;227911;7005357;2.4;9.6.1997 8:00;;;;;;;;;;;;;;1.1;;;;
Et kaup selkä 1;5520;227911;7005357;2.4;9.6.1997 8:00;0,0-1,0;;;;;1.5;;;;;;;;;;;;
Et kaup selkä 1;5520;227911;7005357;2.4;9.6.1997 8:00;1,0;0;108;10;;;10;1100;0;18.1;;;580;;6.2;2.1;1.9;430
Et kaup selkä 1;5520;227911;7005357;2.4;30.6.1997 9:00;0,0-1,0;;;;;2.9;;;;19.4;;;;;;;;
Et kaup selkä 1;5520;227911;7005357;2.4;7.7.1997 8:00;;;;;;;;;;;;;;1.8;;;;
Et kaup selkä 1;5520;227911;7005357;2.4;7.7.1997 8:00;0,0-1,0;;;;;4.5;;;;;;;;;;;;
Et kaup selkä 1;5520;227911;7005357;2.4;7.7.1997 8:00;1,0;0;;;;;11;320;0;20.8;;;2;;;;;
Et kaup selkä 1;5520;227911;7005357;2.4;21.7.1997 8:00;0,0-1,0;;;;;2.3;;;;22;;;;;;;;
Et kaup selkä 1;5520;227911;7005357;2.4;5.8.1997 8:00;;;;;;;;;;;;;;1.5;;;;
Et kaup selkä 1;5520;227911;7005357;2.4;5.8.1997 8:00;0,0-1,0;;;;;3;;;;;;;;;;;;
Et kaup selkä 1;5520;227911;7005357;2.4;5.8.1997 8:00;1,0;2;109;9.4;;;11;350;10;21.8;;;2;;7.9;3.7;0.72;700
Et kaup selkä 1;5520;227911;7005357;2.4;6.10.1997 9:00;;;;;;;;;;;;;;2;;;;
Et kaup selkä 1;5520;227911;7005357;2.4;6.10.1997 9:00;1,0;;96;11.2;;;13;420;;7.9;;;49;;7.7;4;1.4;740
Et kaup selkä 1;5520;227911;7005357;2.4;27.1.1998 10:00;;;;;;;;;;;;;;1.6;;;;
Et kaup selkä 1;5520;227911;7005357;2.4;27.1.1998 10:00;1,0;;81;11.5;;;7;3300;;0.3;;;1600;;6.1;3.1;13;570
Et kaup selkä 1;5520;227911;7005357;2.4;19.3.1998 13:00;;;;;;;;;;;;;;1.5;;;;
Et kaup selkä 1;5520;227911;7005357;2.4;19.3.1998 13:00;1,0;;71;10;;;4;2200;;0.7;;;;;6.3;;4.4;680
Et kaup selkä 1;5520;227911;7005357;2.4;8.6.1998 8:00;;;;;;;;;;;;;;1;;;;
Et kaup selkä 1;5520;227911;7005357;2.4;8.6.1998 8:00;0,0-1,0;;;;;1.9;;;;;;;;;;;;
Et kaup selkä 1;5520;227911;7005357;2.4;8.6.1998 8:00;1,0;0;103;10.6;;;9;1400;0;13.8;;;900;;6.4;2;5.2;400
Et kaup selkä 1;5520;227911;7005357;2.4;23.6.1998 18:00;;;;;;;;;;;;;;0.9;;;;
Et kaup selkä 1;5520;227911;7005357;2.4;23.6.1998 18:00;0,0-1,0;;;;;5.7;;;;12.5;;;;;;;;
Et kaup selkä 1;5520;227911;7005357;2.4;6.7.1998 17:00;;;;;;;;;;;;;;1.8;;;;
Et kaup selkä 1;5520;227911;7005357;2.4;6.7.1998 17:00;0,0-1,0;;;;;5.1;;;;;;;;;;;;
Et kaup selkä 1;5520;227911;7005357;2.4;6.7.1998 17:00;1,0;0;;;;;11;880;3;18.9;;;500;;7.8;;;570
Et kaup selkä 1;5520;227911;7005357;2.4;20.7.1998 9:00;;;;;;;;;;;;;;2;;;;
Et kaup selkä 1;5520;227911;7005357;2.4;20.7.1998 9:00;0,0-1,0;;;;;6.4;;;;15.4;;;;;;;;
Et kaup selkä 1;5520;227911;7005357;2.4;4.8.1998 8:00;;;;;;;;;;;;;;1.1;;;;
Et kaup selkä 1;5520;227911;7005357;2.4;4.8.1998 8:00;0,0-1,0;;;;;2.8;;;;;;;;;;;;
Et kaup selkä 1;5520;227911;7005357;2.4;4.8.1998 8:00;1,0;0;101;9.4;;;11;870;0;17.8;;;340;;6.9;2.2;7.1;420
Et kaup selkä 1;5520;227911;7005357;2.4;10.9.1998 10:00;;;;;;;;;;;;;;2;;;;
Et kaup selkä 1;5520;227911;7005357;2.4;10.9.1998 10:00;0,0-1,0;;;;;1.1;;;;14.3;;;;;;;;
Et kaup selkä 1;5520;227911;7005357;2.4;6.10.1998 8:00;;;;;;;;;;;;;;1.1;;;;
Et kaup selkä 1;5520;227911;7005357;2.4;6.10.1998 8:00;0,0-1,0;;;;;0.9;;;;;;;;;;;;
Et kaup selkä 1;5520;227911;7005357;2.4;6.10.1998 8:00;1,0;;98;12.1;;;8;1500;;5.8;;;;;6.8;2.5;4.1;480
Et kaup selkä 1;5520;227911;7005357;2.4;1.2.1999 10:00;;;;;;;;;;;;;;1.8;;;;
Et kaup selkä 1;5520;227911;7005357;2.4;1.2.1999 10:00;1,0;;80;11.2;;;8;1600;;0.6;;;;;6.6;3.9;3.2;700
Et kaup selkä 1;5520;227911;7005357;2.4;9.3.1999 14:00;;;;;;;;;;;;;;1;;;;
Et kaup selkä 1;5520;227911;7005357;2.4;9.3.1999 14:00;1,0;;67;9.4;;;8;980;;0.7;;;;;6.9;;1.3;860
Et kaup selkä 1;5520;227911;7005357;2.4;14.6.1999 8:00;;;;;;;;;;;;;;1.6;;;;
Et kaup selkä 1;5520;227911;7005357;2.4;14.6.1999 8:00;0,0-1,0;;;;;8.4;;;;;;;;;;;;
Et kaup selkä 1;5520;227911;7005357;2.4;14.6.1999 8:00;1,0;20;123;11.9;;;14;590;5;20;;;140;;8;;2.1;630
Et kaup selkä 1;5520;227911;7005357;2.4;30.6.1999 11:00;;;;;;;;;;;;;;1.7;;;;
Et kaup selkä 1;5520;227911;7005357;2.4;30.6.1999 11:00;0,0-1,0;;;;;2.6;;;;21.4;;;;;;;;
Et kaup selkä 1;5520;227911;7005357;2.4;12.7.1999 10:00;;;;;;;;;;;;;;1.9;;;;
Et kaup selkä 1;5520;227911;7005357;2.4;12.7.1999 10:00;0,0-1,0;;;;;3.9;;;;;;;;;;;;
Et kaup selkä 1;5520;227911;7005357;2.4;12.7.1999 10:00;1,0;1;;;;;14;440;3;19.6;;;5;;7.9;;;740
Et kaup selkä 1;5520;227911;7005357;2.4;30.7.1999 8:00;;;;;;;;;;;;;;1.7;;;;
Et kaup selkä 1;5520;227911;7005357;2.4;30.7.1999 8:00;0,0-1,0;;;;;4.6;;;;16;;;;;;;;
Et kaup selkä 1;5520;227911;7005357;2.4;9.8.1999 8:00;;;;;;;;;;;;;;1.3;;;;
Et kaup selkä 1;5520;227911;7005357;2.4;9.8.1999 8:00;0,0-1,0;;;;;3;;;;;;;;;;;;
Et kaup selkä 1;5520;227911;7005357;2.4;9.8.1999 8:00;1,0;0;101;9.5;;;13;380;15;16.9;;;5;;8.1;;1.6;850
Et kaup selkä 1;5520;227911;7005357;2.4;4.10.1999 9:00;;;;;;;;;;;;;;1.8;;;;
Et kaup selkä 1;5520;227911;7005357;2.4;4.10.1999 9:00;1,0;;99;10.6;;;16;440;;11;;;;;7.9;;1.9;880
Et kaup selkä 1;5520;227911;7005357;2.4;7.3.2000 0:00;;;;;;;;;;;;;;1;;;;
Et kaup selkä 1;5520;227911;7005357;2.4;7.3.2000 0:00;1,0;;80;11.2;;;3;2200;;0.6;;;;;6.3;;6.4;640
Et kaup selkä 1;5520;227911;7005357;2.4;12.6.2000 0:00;;;;;;;;;;;;;;1.1;;;;
Et kaup selkä 1;5520;227911;7005357;2.4;12.6.2000 0:00;0,0-1,0;;;;;8.9;;;;;;;;;;;;
Et kaup selkä 1;5520;227911;7005357;2.4;12.6.2000 0:00;0,1;0;;;;;;;3;;;;;;;;;
Et kaup selkä 1;5520;227911;7005357;2.4;12.6.2000 0:00;1,0;;100;10;;;17;770;;14.4;;;380;;7.7;;4;560
Et kaup selkä 1;5520;227911;7005357;2.4;27.6.2000 0:00;;;;;;;;;;;;;;1.3;;;;
Et kaup selkä 1;5520;227911;7005357;2.4;27.6.2000 0:00;0,0-1,0;;;;;11;;;;17.5;;;;;;;;
Et kaup selkä 1;5520;227911;7005357;2.4;10.7.2000 0:00;;;;;;;;;;;;;;1.7;;;;
Et kaup selkä 1;5520;227911;7005357;2.4;10.7.2000 0:00;0,0-1,0;;;;;2.5;;;;;;;;;;;;
Et kaup selkä 1;5520;227911;7005357;2.4;10.7.2000 0:00;0,1;0;;;;;;;1;;;;;;;;;
Et kaup selkä 1;5520;227911;7005357;2.4;10.7.2000 0:00;1,0;;;;;;11;410;;16.9;;;5;;8;;;660
Et kaup selkä 1;5520;227911;7005357;2.4;24.7.2000 0:00;;;;;;;;;;;;;;1.9;;;;
Et kaup selkä 1;5520;227911;7005357;2.4;24.7.2000 0:00;0,0-1,0;;;;;2.2;;;;18.7;;;;;;;;
Et kaup selkä 1;5520;227911;7005357;2.4;9.8.2000 0:00;;;;;;;;;;;;;;1.1;;;;
Et kaup selkä 1;5520;227911;7005357;2.4;9.8.2000 0:00;0,0-1,0;;;;;5.1;;;;;;;;;;;;
Et kaup selkä 1;5520;227911;7005357;2.4;9.8.2000 0:00;0,1;20;;;;;;;28;;;;;;;;;
Et kaup selkä 1;5520;227911;7005357;2.4;9.8.2000 0:00;1,0;;100;9.8;;;15;410;;15.6;;;5;;7.9;;4.3;510
Et kaup selkä 1;5520;227911;7005357;2.4;2.10.2000 0:00;;;;;;;;;;;;;;1.2;;;;
Et kaup selkä 1;5520;227911;7005357;2.4;2.10.2000 0:00;1,0;;101;10.8;;;15;430;;11;;;;;7.9;;2.3;660
Et kaup selkä 1;5520;227911;7005357;2.4;29.1.2001 0:00;;;;;;;;;;;;;;1.5;;;;
Et kaup selkä 1;5520;227911;7005357;2.4;29.1.2001 0:00;1,0;;87;12.1;;;6;1200;;0.9;;;;;6.9;;2.3;780
Et kaup selkä 1;5520;227911;7005357;2.4;27.3.2001 0:00;;;;;;;;;;;;;;1.2;;;;
Et kaup selkä 1;5520;227911;7005357;2.4;27.3.2001 0:00;1,0;;69;9.5;;;7;960;;1.1;;;;;6.9;;0.91;820
Et kaup selkä 1;5520;227911;7005357;2.4;12.6.2001 0:00;;;;;;;;;;;;;;0.6;;;;
Et kaup selkä 1;5520;227911;7005357;2.4;12.6.2001 0:00;0,0-1,0;;;;;6;;;;;;;;;;;;
Et kaup selkä 1;5520;227911;7005357;2.4;12.6.2001 0:00;0,1;1;;;;;;;2;;;;;;;;;
Et kaup selkä 1;5520;227911;7005357;2.4;12.6.2001 0:00;1,0;;98;10.4;;;26;1700;;10.9;;;1300;;7.4;;15;410
Et kaup selkä 1;5520;227911;7005357;2.4;26.6.2001 0:00;;;;;;;;;;;;;;0.8;;;;
Et kaup selkä 1;5520;227911;7005357;2.4;26.6.2001 0:00;0,0-1,0;;;;;5;;;;17.3;;;;;;;;
Et kaup selkä 1;5520;227911;7005357;2.4;9.7.2001 0:00;;;;;;;;;;;;;;1.5;;;;
Et kaup selkä 1;5520;227911;7005357;2.4;9.7.2001 0:00;0,0-1,0;;;;;7.3;;;;;;;;;;;;
Et kaup selkä 1;5520;227911;7005357;2.4;9.7.2001 0:00;0,1;4;;;;;;;62;;;;;;;;;
Et kaup selkä 1;5520;227911;7005357;2.4;9.7.2001 0:00;1,0;;;;;;12;1600;;21.9;;;1200;;8.1;;;460
Et kaup selkä 1;5520;227911;7005357;2.4;6.8.2001 0:00;;;;;;;;;;;;;;1.3;;;;
Et kaup selkä 1;5520;227911;7005357;2.4;6.8.2001 0:00;0,0-1,0;;;;;2.7;;;;;;;;;;;;
Et kaup selkä 1;5520;227911;7005357;2.4;6.8.2001 0:00;0,1;0;;;;;;;6;;;;;;;;;
Et kaup selkä 1;5520;227911;7005357;2.4;6.8.2001 0:00;1,0;;105;10.1;;;15;400;;15.8;;;5;;7.8;;3.3;660
Et kaup selkä 1;5520;227911;7005357;2.4;2.10.2001 0:00;;;;;;;;;;;;;;1;;;;
Et kaup selkä 1;5520;227911;7005357;2.4;2.10.2001 0:00;1,0;;95;10.8;;;22;690;;8.5;;;;;7.7;;5.6;650
Et kaup selkä 1;5520;227911;7005357;2.4;22.1.2002 0:00;;;;;;;;;;;;;;1;;;;
Et kaup selkä 1;5520;227911;7005357;2.4;22.1.2002 0:00;1,0;;76;10.6;;;8;830;;0.7;;;;;7;;0.54;760
Et kaup selkä 1;5520;227911;7005357;2.4;19.3.2002 0:00;;;;;;;;;;;;;;1.9;;;;
Et kaup selkä 1;5520;227911;7005357;2.4;19.3.2002 0:00;1,0;;66;9.2;;;7;1400;;0.5;;;;;6.6;;2;630
Et kaup selkä 1;5520;227911;7005357;2.4;10.6.2002 0:00;;;;;;;;;;;;;;1.1;;;;
Et kaup selkä 1;5520;227911;7005357;2.4;10.6.2002 0:00;0,0-1,0;;;;;16;;;;;;;;;;;;
Et kaup selkä 1;5520;227911;7005357;2.4;10.6.2002 0:00;0,1;4;;;;;;;11;;;;;;;;;
Et kaup selkä 1;5520;227911;7005357;2.4;10.6.2002 0:00;1,0;;110;10.1;;;19;460;;18.5;;;2;;8.3;;3.3;570
Et kaup selkä 1;5520;227911;7005357;2.4;26.6.2002 0:00;;;;;;;;;;;;;;1.9;;;;
Et kaup selkä 1;5520;227911;7005357;2.4;26.6.2002 0:00;0,0-1,0;;;;;4.6;;;;18.2;;;;;;;;
Et kaup selkä 1;5520;227911;7005357;2.4;8.7.2002 0:00;;;;;;;;;;;;;;1.9;;;;
Et kaup selkä 1;5520;227911;7005357;2.4;8.7.2002 0:00;0,0-1,0;;;;;4.4;;;;;;;;;;;;
Et kaup selkä 1;5520;227911;7005357;2.4;8.7.2002 0:00;0,1;0;;;;;;;9;;;;;;;;;
Et kaup selkä 1;5520;227911;7005357;2.4;8.7.2002 0:00;1,0;;;;;;14;370;;18.5;;;2;;8.1;;;670
Et kaup selkä 1;5520;227911;7005357;2.4;22.7.2002 0:00;;;;;;;;;;;;;;1.6;;;;
Et kaup selkä 1;5520;227911;7005357;2.4;22.7.2002 0:00;0,0-1,0;;;;;6.1;;;;;;;;;;;;
Et kaup selkä 1;5520;227911;7005357;2.4;5.8.2002 0:00;;;;;;;;;;;;;;1.5;;;;
Et kaup selkä 1;5520;227911;7005357;2.4;5.8.2002 0:00;0,0-1,0;;;;;6.7;;;;;;;;;;;;
Et kaup selkä 1;5520;227911;7005357;2.4;5.8.2002 0:00;0,1;0;;;;;;;18;;;;;;;;;
Et kaup selkä 1;5520;227911;7005357;2.4;5.8.2002 0:00;1,0;;101;9.3;;;18;470;;18.4;;;2;;8.2;;2.2;690
Et kaup selkä 1;5520;227911;7005357;2.4;30.9.2002 0:00;;;;;;;;;;;;;;1.2;;;;
Et kaup selkä 1;5520;227911;7005357;2.4;30.9.2002 0:00;1,0;;87;11.1;;;21;580;;8.2;;;;;7.8;;3.3;730
Et kaup selkä 1;5520;227911;7005357;2.4;20.1.2003 0:00;1,0;;71;10;;;14;660;;0.4;;;;;7.2;;1.1;820
Et kaup selkä 1;5520;227911;7005357;2.4;17.3.2003 0:00;;;;;;;;;;;;;;1.5;;;;
Et kaup selkä 1;5520;227911;7005357;2.4;17.3.2003 0:00;1,0;;44;6;;;9;1000;;1.2;;;;;6.8;;1.1;730
Et kaup selkä 1;5520;227911;7005357;2.4;9.6.2003 0:00;;;;;;;;;;;;;;1;;;;
Et kaup selkä 1;5520;227911;7005357;2.4;9.6.2003 0:00;0,0-1,0;;;;;10;;;;;;;;;;;;
Et kaup selkä 1;5520;227911;7005357;2.4;9.6.2003 0:00;0,1;2;;;;;;;2;;;;;;;;;
Et kaup selkä 1;5520;227911;7005357;2.4;9.6.2003 0:00;1,0;;101;9.8;;;26;1200;;15.8;;;640;;7.1;;5.8;350
Et kaup selkä 1;5520;227911;7005357;2.4;25.6.2003 0:00;;;;;;;;;;;;;;1.4;;;;
Et kaup selkä 1;5520;227911;7005357;2.4;25.6.2003 0:00;0,0-1,0;;;;;11;;;;18.5;;;;;;;;
Et kaup selkä 1;5520;227911;7005357;2.4;7.7.2003 0:00;;;;;;;;;;;;;;1.5;;;;
Et kaup selkä 1;5520;227911;7005357;2.4;7.7.2003 0:00;0,0-1,0;;;;;14;;;;;;;;;;;;
Et kaup selkä 1;5520;227911;7005357;2.4;7.7.2003 0:00;0,1;0;;;;;;;2;;;;;;;;;
Et kaup selkä 1;5520;227911;7005357;2.4;7.7.2003 0:00;1,0;;;;;;18;500;;19.6;;;24;;8.2;;;560
Et kaup selkä 1;5520;227911;7005357;2.4;21.7.2003 0:00;;;;;;;;;;;;;;1.8;;;;
Et kaup selkä 1;5520;227911;7005357;2.4;21.7.2003 0:00;0,0-1,0;;;;;4.5;;;;24;;;;;;;;
Et kaup selkä 1;5520;227911;7005357;2.4;4.8.2003 0:00;;;;;;;;;;;;;;1.7;;;;
Et kaup selkä 1;5520;227911;7005357;2.4;4.8.2003 0:00;0,0-1,0;;;;;8.7;;;;;;;;;;;;
Et kaup selkä 1;5520;227911;7005357;2.4;4.8.2003 0:00;0,1;0;;;;;;;5;;;;;;;;;
Et kaup selkä 1;5520;227911;7005357;2.4;4.8.2003 0:00;1,0;;98;8.3;;;18;470;;22.2;;;2;;7.9;;3.1;660
Et kaup selkä 1;5520;227911;7005357;2.4;29.9.2003 0:00;;;;;;;;;;;;;;1.5;;;;
Et kaup selkä 1;5520;227911;7005357;2.4;29.9.2003 0:00;1,0;;97;10.7;;;21;470;;9.7;;;;;7.8;;4.1;740
Et kaup selkä 1;5520;227911;7005357;2.4;19.1.2004 0:00;;;;;;;;;;;;;;2;;;;
Et kaup selkä 1;5520;227911;7005357;2.4;19.1.2004 0:00;1,0;;66;9.4;;;5;2100;;0.3;;;;;6.1;;3.5;580
Et kaup selkä 1;5520;227911;7005357;2.4;16.3.2004 0:00;;;;;;;;;;;;;;1.9;;;;
Et kaup selkä 1;5520;227911;7005357;2.4;16.3.2004 0:00;1,0;;73;10.2;;;9;930;;0.3;;;;;6.9;;0.46;810
Et kaup selkä 1;5520;227911;7005357;2.4;31.5.2004 0:00;;;;;;;;;;;;;;0.6;;;;
Et kaup selkä 1;5520;227911;7005357;2.4;31.5.2004 0:00;0,0-1,0;;;;;7.5;;;;;;;;;;;;
Et kaup selkä 1;5520;227911;7005357;2.4;31.5.2004 0:00;0,1;1;;;;;;;4;;;;;;;;;
Et kaup selkä 1;5520;227911;7005357;2.4;31.5.2004 0:00;1,0;;96;10;;;45;1900;;12.8;;;1100;;7;;18;300
Et kaup selkä 1;5520;227911;7005357;2.4;21.6.2004 0:00;;;;;;;;;;;;;;1.7;;;;
Et kaup selkä 1;5520;227911;7005357;2.4;21.6.2004 0:00;0,0-1,0;;;;;7.6;;;;14.1;;;;;;;;
Et kaup selkä 1;5520;227911;7005357;2.4;5.7.2004 0:00;;;;;;;;;;;;;;1.4;;;;
Et kaup selkä 1;5520;227911;7005357;2.4;5.7.2004 0:00;0,0-1,0;;;;;14.2;;;;;;;;;;;;
Et kaup selkä 1;5520;227911;7005357;2.4;5.7.2004 0:00;0,1;0;;;;;;;1;;;;;;;;;
Et kaup selkä 1;5520;227911;7005357;2.4;5.7.2004 0:00;1,0;;;;;;18;450;;17.8;;;19;;8.1;;;560
Et kaup selkä 1;5520;227911;7005357;2.4;26.7.2004 0:00;;;;;;;;;;;;;;1.7;;;;
Et kaup selkä 1;5520;227911;7005357;2.4;26.7.2004 0:00;0,0-1,0;;;;;6;;;;19.2;;;;;;;;
Et kaup selkä 1;5520;227911;7005357;2.4;9.8.2004 0:00;;;;;;;;;;;;;;1.5;;;;
Et kaup selkä 1;5520;227911;7005357;2.4;9.8.2004 0:00;0,0-1,0;;;;;3.9;;;;;;;;;;;;
Et kaup selkä 1;5520;227911;7005357;2.4;9.8.2004 0:00;0,1;5;;;;;;;15;;;;;;;;;
Et kaup selkä 1;5520;227911;7005357;2.4;9.8.2004 0:00;1,0;;100;8.8;;;14;530;;22.9;;;66;;7.7;;1.6;350
Et kaup selkä 1;5520;227911;7005357;2.4;27.9.2004 0:00;;;;;;;;;;;;;;1.3;;;;
Et kaup selkä 1;5520;227911;7005357;2.4;27.9.2004 0:00;1,0;;96;10.4;;;13;1200;;11.4;;;;;7.3;;5.6;480
Et kaup selkä 1;5520;227911;7005357;2.4;31.1.2005 0:00;;;;;;;;;;;;;;1;;;;
Et kaup selkä 1;5520;227911;7005357;2.4;31.1.2005 0:00;1,0;;60;8.8;;;14;6700;;0.4;;;;;4.3;;7.1;97
Et kaup selkä 1;5520;227911;7005357;2.4;22.3.2005 0:00;;;;;;;;;;;;;;2;;;;
Et kaup selkä 1;5520;227911;7005357;2.4;22.3.2005 0:00;1,0;;75;10.6;;;6;2100;;0.3;;;;;6.3;;2.4;610
Et kaup selkä 1;5520;227911;7005357;2.4;30.5.2005 0:00;;;;;;;;;;;;;;0.9;;;;
Et kaup selkä 1;5520;227911;7005357;2.4;30.5.2005 0:00;0,0-1,0;;;;;16;;;;;;;;;;;;
Et kaup selkä 1;5520;227911;7005357;2.4;30.5.2005 0:00;0,1;0;;;;;;;0;;;;;;;;;
Et kaup selkä 1;5520;227911;7005357;2.4;30.5.2005 0:00;1,0;;98;10.7;;;26;1100;;11.7;;;600;;7.6;;12;490
Et kaup selkä 1;5520;227911;7005357;2.4;20.6.2005 0:00;;;;;;;;;;;;;;1.2;;;;
Et kaup selkä 1;5520;227911;7005357;2.4;20.6.2005 0:00;0,0-1,0;;;;;14;;;;19.2;;;;;;;;
Et kaup selkä 1;5520;227911;7005357;2.4;11.7.2005 0:00;;;;;;;;;;;;;;1.8;;;;
Et kaup selkä 1;5520;227911;7005357;2.4;11.7.2005 0:00;0,0-1,0;;;;;3.7;;;;;;;;;;;;
Et kaup selkä 1;5520;227911;7005357;2.4;11.7.2005 0:00;0,1;33;;;;;;;1;;;;;;;;;
Et kaup selkä 1;5520;227911;7005357;2.4;11.7.2005 0:00;1,0;;;;;;16;480;;23.5;;;2;;8.1;;;570
Et kaup selkä 1;5520;227911;7005357;2.4;25.7.2005 0:00;;;;;;;;;;;;;;1.8;;;;
Et kaup selkä 1;5520;227911;7005357;2.4;25.7.2005 0:00;0,0-1,0;;;;;7.1;;;;18.8;;;;;;;;
Et kaup selkä 1;5520;227911;7005357;2.4;8.8.2005 0:00;;;;;;;;;;;;;;1.2;;;;
Et kaup selkä 1;5520;227911;7005357;2.4;8.8.2005 0:00;0,0-1,0;;;;;8;;;;;;;;;;;;
Et kaup selkä 1;5520;227911;7005357;2.4;8.8.2005 0:00;0,1;20;;;;;;;19;;;;;;;;;
Et kaup selkä 1;5520;227911;7005357;2.4;8.8.2005 0:00;1,0;;93;8.9;;;19;570;;16.6;;;2;;7.7;;2.6;560
Et kaup selkä 1;5520;227911;7005357;2.4;3.10.2005 0:00;;;;;;;;;;;;;;1.8;;;;
Et kaup selkä 1;5520;227911;7005357;2.4;3.10.2005 0:00;1,0;;97;10.5;;;19;600;;10.9;;;;;7.8;;2.8;700
Et kaup selkä 1;5520;227911;7005357;2.4;30.1.2006 0:00;;;;;;;;;;;;;;1.8;;;;
Et kaup selkä 1;5520;227911;7005357;2.4;30.1.2006 0:00;1,0;;80;10.9;;;7;1500;;1.4;;;;;6.8;;1.5;720
Et kaup selkä 1;5520;227911;7005357;2.4;21.3.2006 0:00;;;;;;;;;;;;;;1.6;;;;
Et kaup selkä 1;5520;227911;7005357;2.4;21.3.2006 0:00;1,0;;38;5.3;;;10;270;;0.2;;;;;6.6;;1.4;690
Et kaup selkä 1;5520;227911;7005357;2.4;29.5.2006 0:00;;;;;;;;;;;;;;0.9;;;;
Et kaup selkä 1;5520;227911;7005357;2.4;29.5.2006 0:00;0,0-1,0;;;;;9.3;;;;;;;;;;;;
Et kaup selkä 1;5520;227911;7005357;2.4;29.5.2006 0:00;0,1;1;;;;;;;1;;;;;;;;;
Et kaup selkä 1;5520;227911;7005357;2.4;29.5.2006 0:00;1,0;;103;10.9;;;17;1500;;12.2;;;920;;7.1;;7.1;390
Et kaup selkä 1;5520;227911;7005357;2.4;19.6.2006 0:00;;;;;;;;;;;;;;0.7;;;;
Et kaup selkä 1;5520;227911;7005357;2.4;19.6.2006 0:00;0,0-1,0;;;;;13;;;;17.3;;;;;;;;
Et kaup selkä 1;5520;227911;7005357;2.4;24.7.2006 0:00;;;;;;;;;;;;;;1.4;;;;
Et kaup selkä 1;5520;227911;7005357;2.4;24.7.2006 0:00;0,0-1,0;;;;;8;;;;19.8;;;;;;;;
Et kaup selkä 1;5520;227911;7005357;2.4;7.8.2006 0:00;;;;;;;;;;;;;;1;;;;
Et kaup selkä 1;5520;227911;7005357;2.4;7.8.2006 0:00;0,0-1,0;;;;;8.8;;;;;;;;;;;;
Et kaup selkä 1;5520;227911;7005357;2.4;7.8.2006 0:00;0,1;3;;;;;;;2;;;;;;;;;
Et kaup selkä 1;5520;227911;7005357;2.4;7.8.2006 0:00;1,0;;104;8.8;;;26;640;;22.8;;;2;;7.9;;5.1;760
Et kaup selkä 1;5520;227911;7005357;2.4;2.10.2006 0:00;;;;;;;;;;;;;;1.3;;;;
Et kaup selkä 1;5520;227911;7005357;2.4;2.10.2006 0:00;1,0;;100;10.9;;;16;460;;10.5;;;;;7.8;;3.4;850
Et kaup selkä 1;5520;227911;7005357;2.4;23.7.2007 0:00;;;;;;;;;;;;;;2;;;;
Et kaup selkä 1;5520;227911;7005357;2.4;23.7.2007 0:00;0,0-1,0;;;;;4.1;;;;;;;;;;;;
Et kaup selkä 1;5520;227911;7005357;2.4;23.7.2007 0:00;0,1;0;;;;;;;0;;;;;;;;;
Et kaup selkä 1;5520;227911;7005357;2.4;23.7.2007 0:00;1,0;;;;;;15;390;;18.6;;;2;;7.7;;;690
Et kaup selkä 1;5520;227911;7005357;2.4;4.10.2007 0:00;;;;;;;;;;;;;;2.1;;;;
Et kaup selkä 1;5520;227911;7005357;2.4;4.10.2007 0:00;1,0;;97;10.4;;;17;570;;10.8;;;;;7.9;;2.4;750
Et kaup selkä 1;5520;227911;7005357;2.4;26.5.2008 0:00;;;;;;;;;;;;;;0.9;;;;
Et kaup selkä 1;5520;227911;7005357;2.4;26.5.2008 0:00;0,0-1,0;;;;;11;;;;;;;;;;;;
Et kaup selkä 1;5520;227911;7005357;2.4;26.5.2008 0:00;0,1;0;;;;;;;0;;;;;;;;;
Et kaup selkä 1;5520;227911;7005357;2.4;26.5.2008 0:00;1,0;;110;11.4;;;21;1300;;13.1;;;860;;7.8;;5.6;480
Et kaup selkä 1;5520;227911;7005357;2.4;16.6.2008 0:00;;;;;;;;;;;;;;1.4;;;;
Et kaup selkä 1;5520;227911;7005357;2.4;16.6.2008 0:00;0,0-1,0;;;;;14;;;;15.9;;;;;;;;
Et kaup selkä 1;5520;227911;7005357;2.4;7.7.2008 0:00;;;;;;;;;;;;;;1.5;;;;
Et kaup selkä 1;5520;227911;7005357;2.4;7.7.2008 0:00;0,0-1,0;;;;;4.2;;;;;;;;;;;;
Et kaup selkä 1;5520;227911;7005357;2.4;7.7.2008 0:00;0,1;2;;;;;;;4;;;;;;;;;
Et kaup selkä 1;5520;227911;7005357;2.4;7.7.2008 0:00;1,0;;;;;;25;530;;15.3;;;2;;7.7;;;670
Et kaup selkä 1;5520;227911;7005357;2.4;6.8.2008 0:00;;;;;;;;;;;;;;0.7;;;;
Et kaup selkä 1;5520;227911;7005357;2.4;6.8.2008 0:00;0,0-1,0;;;;;7.8;;;;;;;;;;;;
Et kaup selkä 1;5520;227911;7005357;2.4;6.8.2008 0:00;0,1;0;;;;;;;1;;;;;;;;;
Et kaup selkä 1;5520;227911;7005357;2.4;6.8.2008 0:00;1,0;;99;9.6;;;17;490;;15.3;;;2;;7.8;;3.6;680
Et kaup selkä 1;5520;227911;7005357;2.4;27.8.2008 0:00;;;;;;;;;;;;;;1.7;;;;
Et kaup selkä 1;5520;227911;7005357;2.4;27.8.2008 0:00;0,0-1,0;;;;;12;;;;16;;;;;;;;
Et kaup selkä 1;5520;227911;7005357;2.4;6.10.2008 0:00;;;;;;;;;;;;;;0.9;;;;
Et kaup selkä 1;5520;227911;7005357;2.4;6.10.2008 0:00;1,0;;100;11.6;;;13;540;;7.3;;;;;7.7;;8.6;740
Et kaup selkä 1;5520;227911;7005357;2.4;9.3.2009 0:00;;;;;;;;;;;;;;0.5;;;;
Et kaup selkä 1;5520;227911;7005357;2.4;9.3.2009 0:00;1,0;;54;7.3;;;11;1800;;1.3;;;;;6.9;;2.3;680
Et kaup selkä 1;5520;227911;7005357;2.4;1.6.2009 0:00;;;;;;;;;;;;;;0.5;;;;
Et kaup selkä 1;5520;227911;7005357;2.4;1.6.2009 0:00;0,0-1,0;;;;;21;;;;;;;;;;;;
Et kaup selkä 1;5520;227911;7005357;2.4;1.6.2009 0:00;0,1;1;;;;;;;1;;;;;;;;;
Et kaup selkä 1;5520;227911;7005357;2.4;1.6.2009 0:00;1,0;;108;10.3;;;32;1700;;17.2;;;1100;;8;;13;400
Et kaup selkä 1;5520;227911;7005357;2.4;22.6.2009 0:00;;;;;;;;;;;;;;1;;;;
Et kaup selkä 1;5520;227911;7005357;2.4;22.6.2009 0:00;0,0-1,0;;;;;36;;;;15.7;;;;;;;;
Et kaup selkä 1;5520;227911;7005357;2.4;6.7.2009 0:00;;;;;;;;;;;;;;1.3;;;;
Et kaup selkä 1;5520;227911;7005357;2.4;6.7.2009 0:00;0,0-1,0;;;;;14;;;;;;;;;;;;
Et kaup selkä 1;5520;227911;7005357;2.4;6.7.2009 0:00;0,1;1;;;;;;;2;;;;;;;;;
Et kaup selkä 1;5520;227911;7005357;2.4;6.7.2009 0:00;1,0;;;;;;17;470;;16.7;;;2;;8;;;660
Et kaup selkä 1;5520;227911;7005357;2.4;20.7.2009 0:00;;;;;;;;;;;;;;1.4;;;;
Et kaup selkä 1;5520;227911;7005357;2.4;20.7.2009 0:00;0,0-1,0;;;;;16;;;;18.5;;;;;;;;
Et kaup selkä 1;5520;227911;7005357;2.4;3.8.2009 0:00;;;;;;;;;;;;;;1.55;;;;
Et kaup selkä 1;5520;227911;7005357;2.4;3.8.2009 0:00;0,0-1,0;;;;;4.8;;;;;;;;;;;;
Et kaup selkä 1;5520;227911;7005357;2.4;3.8.2009 0:00;0,1;6;;;;;;;8;;;;;;;;;
Et kaup selkä 1;5520;227911;7005357;2.4;3.8.2009 0:00;1,0;;101;8.9;;;17;410;;19.9;;;2;;7.8;;3.1;710
Et kaup selkä 1;5520;227911;7005357;2.4;12.10.2009 0:00;;;;;;;;;;;;;;1.1;;;;
Et kaup selkä 1;5520;227911;7005357;2.4;12.10.2009 0:00;1,0;;95;12;;;33;640;;4.1;;;;;7.6;;12;760
Et kaup selkä 1;5520;227911;7005357;2.4;15.3.2010 0:00;;;;;;;;;;;;;;1.7;;;;
Et kaup selkä 1;5520;227911;7005357;2.4;15.3.2010 0:00;1,0;;39;5.4;;;12;780;;0.5;;;340;;6.8;;1.1;810
Et kaup selkä 1;5520;227911;7005357;2.4;31.5.2010 0:00;;;;;;;;;;;;;;0.8;;;;
Et kaup selkä 1;5520;227911;7005357;2.4;31.5.2010 0:00;0,0-1,0;;;;;13;;;;;;;;;;;;
Et kaup selkä 1;5520;227911;7005357;2.4;31.5.2010 0:00;1,0;;102;11;;;35;1600;;12.2;;;980;;7.3;;12;460
Et kaup selkä 1;5520;227911;7005357;2.4;1.6.2010 14:00;1,0;;;;;;;;;14.5;;;;;7.22;;;
Et kaup selkä 1;5520;227911;7005357;2.4;15.6.2010 0:00;;;;;;;;;;;;;;0.8;;;;
Et kaup selkä 1;5520;227911;7005357;2.4;15.6.2010 0:00;0,0-1,0;;;;;15;;;;13.7;;;;;;;;
Et kaup selkä 1;5520;227911;7005357;2.4;6.7.2010 0:00;;;;;;;;;;;;;;0.9;;;;
Et kaup selkä 1;5520;227911;7005357;2.4;6.7.2010 0:00;0,0-1,0;;;;;9.1;;;;;;;;;;;;
Et kaup selkä 1;5520;227911;7005357;2.4;6.7.2010 0:00;1,0;;;;;;30;660;;19.6;;;130;;7.7;;;570
Et kaup selkä 1;5520;227911;7005357;2.4;26.7.2010 0:00;;;;;;;;;;;;;;0.9;;;;
Et kaup selkä 1;5520;227911;7005357;2.4;26.7.2010 0:00;0,0-1,0;;;;;11;;;;20.5;;;;;;;;
Et kaup selkä 1;5520;227911;7005357;2.4;30.8.2010 0:00;;;;;;;;;;;;;;1;;;;
Et kaup selkä 1;5520;227911;7005357;2.4;30.8.2010 0:00;0,0-1,0;;;;;7.9;;;;;;;;;;;;
Et kaup selkä 1;5520;227911;7005357;2.4;30.8.2010 0:00;1,0;;100;10;;;20;460;;13;;;2;;7.8;;5.9;770
Et kaup selkä 1;5520;227911;7005357;2.4;26.10.2010 0:00;;;;;;;;;;;;;;1;;;;
Et kaup selkä 1;5520;227911;7005357;2.4;26.10.2010 0:00;1,0;;95;13;;;25;2100;;1.5;;;;;7;;12;460
Et kaup selkä 1;5520;227911;7005357;2.4;12.11.2010 10:00;1,0;;;;;;;;;0.5;;;;;6.8;;;470
Et kaup selkä 1;5520;227911;7005357;2.4;24.3.2011 0:00;;;;;;;;;;;;;;1.1;;;;
Et kaup selkä 1;5520;227911;7005357;2.4;24.3.2011 0:00;1,0;;54;7.8;;;20;1000;;0.2;;;380;;6.8;;3.6;690
Et kaup selkä 1;5520;227911;7005357;2.4;11.5.2011 13:15;1,0;;;;;;;;;13;;;;;;;;
Et kaup selkä 1;5520;227911;7005357;2.4;6.6.2011 0:00;;;;;;;;;;;;;;0.5;;;;
Et kaup selkä 1;5520;227911;7005357;2.4;6.6.2011 0:00;0,0-1,0;;;;;12;;;;;;;;;;;;
Et kaup selkä 1;5520;227911;7005357;2.4;6.6.2011 0:00;1,0;;109;11;;;28;780;;15.4;;;300;;7.7;;18;580
Et kaup selkä 1;5520;227911;7005357;2.4;27.6.2011 0:00;;;;;;;;;;;;;;1;;;;
Et kaup selkä 1;5520;227911;7005357;2.4;27.6.2011 0:00;0,0-1,0;;;;;8.1;;;;18.2;;;;;;;;
Et kaup selkä 1;5520;227911;7005357;2.4;7.7.2011 0:00;;;;;;;;;;;;;;0.3;;;;
Et kaup selkä 1;5520;227911;7005357;2.4;7.7.2011 0:00;0,0-1,0;;;;;7.8;;;;;;;;;;;;
Et kaup selkä 1;5520;227911;7005357;2.4;7.7.2011 0:00;1,0;;;;;;20;140;;20.5;;;2;;8.4;;;560
Et kaup selkä 1;5520;227911;7005357;2.4;21.7.2011 0:00;;;;;;;;;;;;;;1;;;;
Et kaup selkä 1;5520;227911;7005357;2.4;21.7.2011 0:00;0,0-1,0;;;;;4;;;;20.7;;;;;;;;
Et kaup selkä 1;5520;227911;7005357;2.4;1.8.2011 0:00;;;;;;;;;;;;;;0.7;;;;
Et kaup selkä 1;5520;227911;7005357;2.4;1.8.2011 0:00;0,0-1,0;;;;;11;;;;;;;;;;;;
Et kaup selkä 1;5520;227911;7005357;2.4;1.8.2011 0:00;1,0;;96;8.5;;;27;480;;20.6;;;2;;7.9;;11;730
Et kaup selkä 1;5520;227911;7005357;2.4;12.10.2011 0:00;;;;;;;;;;;;;;0.8;;;;
Et kaup selkä 1;5520;227911;7005357;2.4;12.10.2011 0:00;1,0;;91;11;;;24;2400;;8;;;;;7;;14.6;450
Et kaup selkä 1;5520;227911;7005357;2.4;22.11.2011 14:30;1,0;;;;;;;;;1;;;;;7.2;;;560
Et kaup selkä 1;5520;227911;7005357;2.4;9.5.2012 11:40;;;;;;;;;;;;;;0.3;;;;
Et kaup selkä 1;5520;227911;7005357;2.4;9.5.2012 11:40;1,0;;87;10;60;;74;2900;;9.1;;;;;6.9;;;320
Et kaup selkä 1;5520;227911;7005357;2.4;16.5.2012 0:00;;;;;;;;;;;;;;0.4;;;;
Et kaup selkä 1;5520;227911;7005357;2.4;16.5.2012 0:00;0,0-2,0;;;;;4.7;;;;;;;;;;;;
Et kaup selkä 1;5520;227911;7005357;2.4;16.5.2012 0:00;1,0;;91;9.3;;;46;3000;;14;;;2300;;6.4;;28;240
Et kaup selkä 1;5520;227911;7005357;2.4;23.5.2012 11:15;;;;;;;;;;;;;;0.4;;;;
Et kaup selkä 1;5520;227911;7005357;2.4;23.5.2012 11:15;1,0;;86;9.1;27;;43;2900;;12.8;;;;;6.1;;;200
Et kaup selkä 1;5520;227911;7005357;2.4;12.6.2012 0:00;;;;;;;;;;;;;;0.8;;;;
Et kaup selkä 1;5520;227911;7005357;2.4;12.6.2012 0:00;0,0-1,0;;;;;11.9;;;;14;;;;;;;;
Et kaup selkä 1;5520;227911;7005357;2.4;28.6.2012 0:00;;;;;;;;;;;;;;1;;;;
Et kaup selkä 1;5520;227911;7005357;2.4;28.6.2012 0:00;0,0-1,0;;;;;4.2;;;;;;;;;;;;
Et kaup selkä 1;5520;227911;7005357;2.4;28.6.2012 0:00;1,0;;;;;;38;500;;18.5;;;2;;7.9;;;700
Et kaup selkä 1;5520;227911;7005357;2.4;28.6.2012 10:30;;;;;;;;;;;;;;1.5;;;;
Et kaup selkä 1;5520;227911;7005357;2.4;28.6.2012 10:30;1,0;;102;10;7;17;22;530;;16.3;;;;;8.4;;;610
Et kaup selkä 1;5520;227911;7005357;2.4;26.7.2012 0:00;0,0-1,0;;;;;5.1;;;;18.5;;;;;;;;
Et kaup selkä 1;5520;227911;7005357;2.4;13.8.2012 0:00;;;;;;;;;;;;;;0.7;;;;
Et kaup selkä 1;5520;227911;7005357;2.4;13.8.2012 0:00;0,0-1,0;;;;;8;;;;;;;;;;;;
Et kaup selkä 1;5520;227911;7005357;2.4;13.8.2012 0:00;1,0;;93;8.6;;;24;480;;19.2;;;2;;7.8;;6.8;730
Et kaup selkä 1;5520;227911;7005357;2.4;29.8.2012 10:50;;;;;;;;;;;;;;0.8;;;;
Et kaup selkä 1;5520;227911;7005357;2.4;29.8.2012 10:50;1,0;;84;8.6;8.5;13;29;640;;14.3;;;;;7.7;;;590
Et kaup selkä 1;5520;227911;7005357;2.4;28.11.2012 11:45;1,0;;;;;;;;;1.4;;;;;7.2;;;460
Et kaup selkä 1;5520;227911;7005357;2.4;19.3.2013 0:00;;;;;;;;;;;;;;0.5;;;;
Et kaup selkä 1;5520;227911;7005357;2.4;19.3.2013 0:00;0,7;;30;4.2;;;62;1900;;1.1;;;760;;6.4;;25;300
Et kaup selkä 1;5520;227911;7005357;2.4;10.5.2013 0:00;;;;;;;;;;;;;;0.5;;;;
Et kaup selkä 1;5520;227911;7005357;2.4;10.5.2013 0:00;0,0-1,0;;;;;3.3;;;;;;;;;;;;
Et kaup selkä 1;5520;227911;7005357;2.4;10.5.2013 0:00;1,0;;91;9.3;;;32;3100;;14;;;2400;;6;;20;180
Et kaup selkä 1;5520;227911;7005357;2.4;11.6.2013 0:00;;;;;;;;;;;;;;0.3;;;;
Et kaup selkä 1;5520;227911;7005357;2.4;11.6.2013 0:00;0,0-1,0;;;;;33;;;;17.2;;;;;;;;
Et kaup selkä 1;5520;227911;7005357;2.4;8.7.2013 0:00;;;;;;;;;;;;;;0.7;;;;
Et kaup selkä 1;5520;227911;7005357;2.4;8.7.2013 0:00;0,0-2,0;;;;;7.7;;;;;;;;;;;;
Et kaup selkä 1;5520;227911;7005357;2.4;8.7.2013 0:00;1,0;;;;;;28;560;;20.2;;;2;;8;;;520
Et kaup selkä 1;5520;227911;7005357;2.4;22.7.2013 0:00;;;;;;;;;;;;;;0.45;;;;
Et kaup selkä 1;5520;227911;7005357;2.4;22.7.2013 0:00;0,0-2,0;;;;;11;;;;17.4;;;;;;;;
Et kaup selkä 1;5520;227911;7005357;2.4;13.8.2013 0:00;;;;;;;;;;;;;;0.8;;;;
Et kaup selkä 1;5520;227911;7005357;2.4;13.8.2013 0:00;0,0-1,0;;;;;10;;;;;;;;;;;;
Et kaup selkä 1;5520;227911;7005357;2.4;13.8.2013 0:00;1,0;;100;8.9;;;22;670;;19.7;;;2;;7.8;;6.2;760
Et kaup selkä 1;5520;227911;7005357;2.4;9.10.2013 0:00;;;;;;;;;;;;;;0.8;;;;
Et kaup selkä 1;5520;227911;7005357;2.4;9.10.2013 0:00;1,0;;92;10.1;;;26;490;;9.9;;;;;7.7;;7.3;740
Et kaup selkä 1;5520;227911;7005357;2.4;12.5.2014 0:00;0,0-1,0;;;;;9.5;;;;;;;;;;;;
Et kaup selkä 1;5520;227911;7005357;2.4;12.5.2014 0:00;1,0;;95;10.6;;;37;1000;;9.7;;;580;;7.6;;13;610
Et kaup selkä 1;5520;227911;7005357;2.4;9.6.2014 0:00;;;;;;;;;;;;;;0.9;;;;
Et kaup selkä 1;5520;227911;7005357;2.4;9.6.2014 0:00;0,0-1,0;;;;;14;;;;19.5;;;;;;;;
Et kaup selkä 1;5520;227911;7005357;2.4;7.7.2014 0:00;;;;;;;;;;;;;;1;;;;
Et kaup selkä 1;5520;227911;7005357;2.4;7.7.2014 0:00;0,0-1,0;;;;;5.6;;;;;;;;;;;;
Et kaup selkä 1;5520;227911;7005357;2.4;7.7.2014 0:00;1,0;;;;;;26;460;;20.2;;;2;;8;;;720
Et kaup selkä 1;5520;227911;7005357;2.4;22.7.2014 0:00;;;;;;;;;;;;;;1.2;;;;
Et kaup selkä 1;5520;227911;7005357;2.4;22.7.2014 0:00;0,0-1,0;;;;;5.9;;;;22.2;;;;;;;;
Et kaup selkä 1;5520;227911;7005357;2.4;12.8.2014 0:00;;;;;;;;;;;;;;0.4;;;;
Et kaup selkä 1;5520;227911;7005357;2.4;12.8.2014 0:00;0,0-1,0;;;;;12;;;;;;;;;;;;
Et kaup selkä 1;5520;227911;7005357;2.4;12.8.2014 0:00;1,0;;93;8;;;28;520;;21.5;;;7;;7.8;;10;740
Et kaup selkä 1;5520;227911;7005357;2.4;1.10.2014 0:00;;;;;;;;;;;;;;0.35;;;;
Et kaup selkä 1;5520;227911;7005357;2.4;1.10.2014 0:00;1,0;;86;10.1;;;47;560;;7.6;;;;;7.6;;20;620
Et kaup selkä 1;5520;227911;7005357;2.4;23.2.2015 0:00;;;;;;;;;;;;;;1.5;;;;
Et kaup selkä 1;5520;227911;7005357;2.4;23.2.2015 0:00;1,0;;72;10.1;;;9;3300;;0.6;;;2900;;6.5;3.1;6.7;570
Et kaup selkä 1;5520;227911;7005357;2.4;4.6.2015 0:00;;;;;;;;;;;;;;0.3;;;;
Et kaup selkä 1;5520;227911;7005357;2.4;4.6.2015 0:00;0,0;;;;;22;;;;12.6;;;;;;;;
Et kaup selkä 1;5520;227911;7005357;2.4;7.7.2015 0:00;;;;;;;;;;;;;;0.7;;;;
Et kaup selkä 1;5520;227911;7005357;2.4;7.7.2015 0:00;0,0-1,0;;;;;23;;;;;;;;;;;;
Et kaup selkä 1;5520;227911;7005357;2.4;7.7.2015 0:00;1,0;;;;;;33;1400;;17.9;;;720;;7.6;;;490
Et kaup selkä 1;5520;227911;7005357;2.4;20.7.2015 0:00;;;;;;;;;;;;;;0.6;;;;
Et kaup selkä 1;5520;227911;7005357;2.4;20.7.2015 0:00;0,0-1,8;;;;;19;;;;18.6;;;;;;;;
Et kaup selkä 1;5520;227911;7005357;2.4;3.8.2015 0:00;;;;;;;;;;;;;;0.5;;;;
Et kaup selkä 1;5520;227911;7005357;2.4;3.8.2015 0:00;0,0-1,7;;;;;29;;;;;;;;;;;;
Et kaup selkä 1;5520;227911;7005357;2.4;3.8.2015 0:00;1,0;;100;9.4;;;42;680;;19;;;2;;8.3;3.1;16;560
Et kaup selkä 1;5520;227911;7005357;2.4;7.10.2015 0:00;;;;;;;;;;;;;;0.4;;;;
Et kaup selkä 1;5520;227911;7005357;2.4;7.10.2015 0:00;1,0;;88;10.3;;;45;990;;7.5;;;;;7.5;2.9;19;540
Et kaup selkä 1;5520;227911;7005357;2.4;25.1.2016 0:00;;;;;;;;;;;;;;1;;;;
Et kaup selkä 1;5520;227911;7005357;2.4;25.1.2016 0:00;1,0;;80;11.4;5;;12;1200;;0.7;;;;;7.1;;;810
Et kaup selkä 1;5520;227911;7005357;2.4;16.2.2016 0:00;;;;;;;;;;;;;;0.4;;;;
Et kaup selkä 1;5520;227911;7005357;2.4;16.2.2016 0:00;1,0;;63;8.9;;;31;1700;;0.3;;;990;;6.7;3.2;6.4;590
Et kaup selkä 1;5520;227911;7005357;2.4;11.5.2016 0:00;;;;;;;;;;;;;;0.3;;;;
Et kaup selkä 1;5520;227911;7005357;2.4;11.5.2016 0:00;0,0-2,0;;;;;9.3;;;;;;;;;;;;
Et kaup selkä 1;5520;227911;7005357;2.4;11.5.2016 0:00;1,0;;87;9.1;;;79;3100;;13.3;;;2300;;6.6;0.7;42;180
Et kaup selkä 1;5520;227911;7005357;2.4;1.6.2016 0:00;;;;;;;;;;;;;;0.8;;;;
Et kaup selkä 1;5520;227911;7005357;2.4;1.6.2016 0:00;0,0-1,0;;;;;15;;;;20.1;;;;;;;;
Et kaup selkä 1;5520;227911;7005357;2.4;28.6.2016 0:00;;;;;;;;;;;;;;0.5;;;;
Et kaup selkä 1;5520;227911;7005357;2.4;28.6.2016 0:00;0,0-1,7;;;;;21;;;;;;;;;;;;
Et kaup selkä 1;5520;227911;7005357;2.4;28.6.2016 0:00;1,0;;;;;;34;890;;18;;;420;;7.5;;;410
Et kaup selkä 1;5520;227911;7005357;2.4;25.7.2016 0:00;;;;;;;;;;;;;;1;;;;
Et kaup selkä 1;5520;227911;7005357;2.4;25.7.2016 0:00;0,0-1,0;;;;;11;;;;23.3;;;;;;;;
Et kaup selkä 1;5520;227911;7005357;2.4;9.8.2016 0:00;;;;;;;;;;;;;;0.4;;;;
Et kaup selkä 1;5520;227911;7005357;2.4;9.8.2016 0:00;0,0-2,0;;;;;16;;;;;;;;;;;;
Et kaup selkä 1;5520;227911;7005357;2.4;9.8.2016 0:00;1,0;;86;7.9;;;42;560;;18.4;;;2;;7.7;3.8;37;680
Et kaup selkä 1;5520;227911;7005357;2.4;5.10.2016 0:00;;;;;;;;;;;;;;0.2;;;;
Et kaup selkä 1;5520;227911;7005357;2.4;5.10.2016 0:00;1,0;;92;10.5;;;41;1200;;8.5;;;;;7.6;3.2;18;580
Et kaup selkä 1;5520;227911;7005357;2.4;27.2.2017 0:00;;;;;;;;;;;;;;1.6;;;;
Et kaup selkä 1;5520;227911;7005357;2.4;27.2.2017 0:00;1,0;;45;6.5;;;32;1200;;0.3;;;610;;6.5;2;5.2;390
Et kaup selkä 1;5520;227911;7005357;2.4;2.3.2017 0:00;;;;;;;;;;;;;;1.5;;;;
Et kaup selkä 1;5520;227911;7005357;2.4;2.3.2017 0:00;1,0;;69;10;4.4;;22;730;;0.5;;;;;7;;;730
Et kaup selkä 1;5520;227911;7005357;2.4;9.3.2017 0:00;;;;;;;;;;;;;;0.9;;;;
Et kaup selkä 1;5520;227911;7005357;2.4;9.3.2017 0:00;1,0;;68;9.8;4.5;;19;770;;0.5;;;;;7;;;750
Et kaup selkä 1;5520;227911;7005357;2.4;4.5.2017 0:00;;;;;;;;;;;;;;0.35;;;;
Et kaup selkä 1;5520;227911;7005357;2.4;4.5.2017 0:00;1,0;;94;11.2;37;;72;2700;;8;;;;;6.8;;;180
Et kaup selkä 1;5520;227911;7005357;2.4;12.5.2017 0:00;;;;;;;;;;;;;;0.4;;;;
Et kaup selkä 1;5520;227911;7005357;2.4;12.5.2017 0:00;1,0;;93;11.6;26;;51;2500;;6.1;;;;;6.9;;;220
Et kaup selkä 1;5520;227911;7005357;2.4;22.5.2017 0:00;;;;;;;;;;;;;;0.4;;;;
Et kaup selkä 1;5520;227911;7005357;2.4;22.5.2017 0:00;0,0-1,7;;;;;14;;;;;;;;;;;;
Et kaup selkä 1;5520;227911;7005357;2.4;22.5.2017 0:00;1,0;;99;10.3;;;42;1800;;13;;;1200;;7.4;1.9;22;370
Et kaup selkä 1;5520;227911;7005357;2.4;12.6.2017 0:00;;;;;;;;;;;;;;0.55;;;;
Et kaup selkä 1;5520;227911;7005357;2.4;12.6.2017 0:00;0,0-1,0;;;;;20;;;;16;;;;;;;;
Et kaup selkä 1;5520;227911;7005357;2.4;26.6.2017 0:00;;;;;;;;;;;;;;0.8;;;;
Et kaup selkä 1;5520;227911;7005357;2.4;26.6.2017 0:00;1,0;;94;9.5;9.8;15;31;530;;14.9;;;;;7.9;;;520
Et kaup selkä 1;5520;227911;7005357;2.4;3.7.2017 0:00;;;;;;;;;;;;;;0.8;;;;
Et kaup selkä 1;5520;227911;7005357;2.4;3.7.2017 0:00;0,0-1,7;;;;;15;;;;;;;;;;;;
Et kaup selkä 1;5520;227911;7005357;2.4;3.7.2017 0:00;1,0;;;;;;28;520;;17.9;;;2;;7.5;;;570
Et kaup selkä 1;5520;227911;7005357;2.4;24.7.2017 0:00;;;;;;;;;;;;;;0.5;;;;
Et kaup selkä 1;5520;227911;7005357;2.4;24.7.2017 0:00;0,0-1,0;;;;;12;;;;17.8;;;;;;;;
Et kaup selkä 1;5520;227911;7005357;2.4;31.7.2017 0:00;;;;;;;;;;;;;;0.7;;;;
Et kaup selkä 1;5520;227911;7005357;2.4;31.7.2017 0:00;1,0;;97;9.1;12;18;47;600;;18.2;;;;;7.9;;;550
Et kaup selkä 1;5520;227911;7005357;2.4;7.8.2017 0:00;;;;;;;;;;;;;;0.8;;;;
Et kaup selkä 1;5520;227911;7005357;2.4;7.8.2017 0:00;0,0-1,0;;;;;11;;;;;;;;;;;;
Et kaup selkä 1;5520;227911;7005357;2.4;7.8.2017 0:00;1,0;;89;8.4;;;31;480;;17;;;2;;7.7;3.6;5.4;650
Et kaup selkä 1;5520;227911;7005357;2.4;18.10.2017 0:00;;;;;;;;;;;;;;0.45;;;;
Et kaup selkä 1;5520;227911;7005357;2.4;18.10.2017 0:00;1,0;;92;10.9;;;46;970;;7.2;;;;;7.6;2.9;18;540
