,AM,LL,LC,LA
2017-06-01T00:00:00,9.5399842997,62.7491815241,44.4971670418,34.8771053292
2017-06-01T00:00:10,8.41053731201,65.9948428886,44.7835772035,36.012519387
2017-06-01T00:00:20,6.1813068034,62.7160571082,44.0735043454,35.0533055272
2017-06-01T00:00:30,6.29460558605,62.915184801,44.618351916,34.8190087386
2017-06-01T00:00:40,6.41763578888,61.8108065913,44.4815563265,35.8481540894
2017-06-01T00:00:50,7.22387159027,60.401499969,44.008619807,34.9324605804
2017-06-01T00:01:00,6.78324199866,61.2430092325,45.1433214547,36.20334218
2017-06-01T00:01:10,6.22381928576,61.8287943692,44.7347241471,35.4998145455
2017-06-01T00:01:20,7.09059480222,64.1967313593,43.7659194143,35.6247556596
2017-06-01T00:01:30,6.3441550041,62.1376566826,43.5325655858,35.3512764289
2017-06-01T00:01:40,6.09175372336,61.8822624853,44.1020153427,36.1253259903
2017-06-01T00:01:50,6.25215393113,63.153339893,44.0526115798,36.2173517695
2017-06-01T00:02:00,9.31863060445,62.8438006714,44.7042564309,37.7612422616
2017-06-01T00:02:10,8.44911795712,68.1791076953,44.9988919363,37.9061274966
2017-06-01T00:02:20,6.43322044481,64.3614441308,44.7311333971,36.1004456165
2017-06-01T00:02:30,4.46202859324,63.2049794266,44.1897889811,36.2576153525
2017-06-01T00:02:40,7.62203637462,63.3435499558,43.8917940822,35.7056585584
2017-06-01T00:02:50,6.64309702405,62.0535651599,43.7595410715,35.5345619843
2017-06-01T00:03:00,5.84224586084,61.5926580952,44.1709407329,36.0728584595
2017-06-01T00:03:10,9.05460004293,62.6994432644,45.3032406187,36.0805872481
2017-06-01T00:03:20,7.22049468273,66.3746635191,45.8137113001,35.1370187296
2017-06-01T00:03:30,6.77615007912,68.2976956712,44.0770754294,34.2520884286
2017-06-01T00:03:40,7.2631440199,63.0367126362,43.2002781347,34.8170427483
2017-06-01T00:03:50,8.71753938302,63.2803104016,44.051930575,35.4482352075
2017-06-01T00:04:00,6.71453839932,62.3116739451,44.2660640399,35.0991823833
2017-06-01T00:04:10,6.14712085368,62.8269649537,43.1163576278,35.140572538
2017-06-01T00:04:20,7.48059770396,64.916521652,42.9659409275,35.7035226287
2017-06-01T00:04:30,10.4527537631,67.5701266412,43.8235656534,35.6311852294
2017-06-01T00:04:40,9.31427621754,65.0592070272,44.2525605245,35.9748926246
2017-06-01T00:04:50,8.6262853123,67.394378016,43.9580148262,36.1398445829
2017-06-01T00:05:00,8.88551300688,65.6958460601,44.0194386426,35.608467998
2017-06-01T00:05:10,8.81662354668,63.2511923647,44.4595853873,36.3701761052
2017-06-01T00:05:20,10.336149355,73.8840034189,44.825345941,37.0243332633
2017-06-01T00:05:30,7.58494876823,63.7036196245,44.3445053361,36.2184775568
2017-06-01T00:05:40,6.67349489751,66.7385592959,43.2870409872,35.2954486454
2017-06-01T00:05:50,12.7652410477,71.3076105788,45.2947160461,36.5718829438
2017-06-01T00:06:00,7.94453743514,63.2297143145,43.6726467153,35.6796889739
2017-06-01T00:06:10,5.96332120806,62.642936555,45.4136062778,38.1064911874
2017-06-01T00:06:20,6.92947661048,61.3838735196,45.4445850683,37.8455381064
2017-06-01T00:06:30,7.84156096276,68.2583150319,44.7797523933,35.8348773351
2017-06-01T00:06:40,10.7258684763,66.3735589327,43.9411714395,35.0908396294
2017-06-01T00:06:50,7.97890053037,64.876149646,43.7269742995,35.6686871565
2017-06-01T00:07:00,10.8763184628,66.2411436649,44.7040527851,37.3480009054
2017-06-01T00:07:10,9.6558942953,64.889499113,45.6968334453,37.6925095178
2017-06-01T00:07:20,8.2059778276,62.7579118803,44.8197315095,35.9011007568
2017-06-01T00:07:30,6.76202670296,62.2593843661,44.5288054771,36.654250089
2017-06-01T00:07:40,6.01196272302,62.2971836097,44.0135608571,35.8576801372
2017-06-01T00:07:50,6.24459707977,61.6780345438,43.6954910136,35.9939549601
2017-06-01T00:08:00,7.90451735248,62.2552987277,44.0804710121,37.6671206613
2017-06-01T00:08:10,6.28277452148,62.7346331033,43.5701512238,36.5361046553
2017-06-01T00:08:20,7.91637637969,69.192719129,42.9635956514,35.3719943401
2017-06-01T00:08:30,7.87709584876,64.1474417993,43.4137090394,35.5036946525
2017-06-01T00:08:40,7.90295166979,70.1329065931,44.5347288443,37.049381652
2017-06-01T00:08:50,9.65619327619,63.9981503602,44.2846659693,37.9060344357
2017-06-01T00:09:00,7.21202283089,66.989826817,43.3601063341,36.2010096747
2017-06-01T00:09:10,8.94584755959,63.8487581795,44.5219684568,37.9305144162
2017-06-01T00:09:20,7.64103332576,62.8540496999,43.6045133778,35.8767522034
2017-06-01T00:09:30,6.71928414861,61.2402691549,44.3661165914,36.8914230938
2017-06-01T00:09:40,6.07857940191,65.2771096903,44.4418987733,37.6641523339
2017-06-01T00:09:50,7.1458360387,81.75229619,48.590783073,42.7098005906
2017-06-01T00:10:00,9.28671070011,73.8742581331,51.912749136,43.7307092025
2017-06-01T00:10:10,12.6348040197,69.5192293987,45.1794716685,39.1630482306
2017-06-01T00:10:20,9.78641937969,75.3455372524,48.440680044,40.0186856394
2017-06-01T00:10:30,14.6714773916,84.2305724411,53.358255807,41.969578819
2017-06-01T00:10:40,12.289574186,68.1828257172,44.4975936028,38.6738934687
2017-06-01T00:10:50,7.88066178664,71.0318761563,45.2985446164,38.2198915089
2017-06-01T00:11:00,7.79300246757,62.4624538725,43.6181711381,37.495842695
2017-06-01T00:11:10,7.75736897387,66.9994265402,44.9622480703,38.7056293775
2017-06-01T00:11:20,12.2518994123,70.7044617087,44.5710207951,38.1840464967
2017-06-01T00:11:30,9.09928700169,72.8316503918,45.8894368022,39.7068185418
2017-06-01T00:11:40,10.4505485957,66.5466310104,44.1908916289,36.8355795012
2017-06-01T00:11:50,9.9873840418,66.4365421058,43.9401409438,36.9994355848
2017-06-01T00:12:00,6.74694621119,64.9972390551,43.9156227775,36.9670009206
2017-06-01T00:12:10,11.1390752868,76.1513963074,44.7132809931,37.754258315
2017-06-01T00:12:20,8.65386647113,67.1517425061,44.7949763515,38.8578882603
2017-06-01T00:12:30,10.4028919449,63.0892307018,43.7704033995,36.6349462465
2017-06-01T00:12:40,7.43235970777,62.7296621777,43.7084927669,35.6431969563
2017-06-01T00:12:50,5.98311000979,62.0604634582,43.5602280545,35.7480492909
2017-06-01T00:13:00,8.02854449117,60.0550552842,43.5952620369,36.1982432959
2017-06-01T00:13:10,5.87634417215,61.4704146067,43.1473121069,34.9747898196
2017-06-01T00:13:20,6.65511243586,61.1720195875,43.2281499658,36.6475636933
2017-06-01T00:13:30,9.61437337837,70.2272158982,44.0288966731,36.2179261748
2017-06-01T00:13:40,10.9276776534,71.0237816405,44.1862623474,36.0312956354
2017-06-01T00:13:50,6.80571212026,66.1017634323,44.0877791833,36.863674782
2017-06-01T00:14:00,6.02512920257,61.4533026174,43.494723871,35.324145349
2017-06-01T00:14:10,7.19548884339,61.2834215373,43.9565034629,36.5484123064
2017-06-01T00:14:20,7.0248766564,60.4230164705,43.9564859821,36.2438332707
2017-06-01T00:14:30,9.61289268313,63.07301996,43.9233963418,35.5372236306
2017-06-01T00:14:40,4.83225986078,61.3792816494,43.7581049436,35.6288633658
2017-06-01T00:14:50,6.02057689152,60.7552027398,44.0846957482,35.8863216447
2017-06-01T00:15:00,8.43104971951,60.7695747287,43.7668125689,35.5267364949
2017-06-01T00:15:10,7.45917679963,61.5077791653,44.2580418093,35.7779372943
2017-06-01T00:15:20,12.0676507603,65.9795129761,44.5215695643,35.695322962
2017-06-01T00:15:30,8.75589486371,64.6696711324,45.051530809,36.5970205501
2017-06-01T00:15:40,8.4443870558,63.0643694363,44.6934780811,36.2712509081
2017-06-01T00:15:50,6.13001602351,62.6733535982,44.0078337466,36.0432196872
2017-06-01T00:16:00,5.51686994844,60.5847107683,43.8915694229,35.9720937415
2017-06-01T00:16:10,4.41621893259,61.8020082899,44.2029780187,37.7437959688
2017-06-01T00:16:20,7.26779051841,61.7833682655,44.2668754345,37.5143191774
2017-06-01T00:16:30,9.1403224402,64.6919503335,44.9988869811,37.4138440323
2017-06-01T00:16:40,11.1007185249,68.5581632451,45.769021639,37.5113527522
2017-06-01T00:16:50,7.19267290953,67.1249771162,44.6437756746,36.7147165191
2017-06-01T00:17:00,9.41224135713,63.5698042574,44.4895931874,37.1279962902
2017-06-01T00:17:10,7.53969325281,65.294463355,44.6717099749,36.1400360953
2017-06-01T00:17:20,6.38546359164,62.3851806992,45.1481008963,36.194832648
2017-06-01T00:17:30,6.92912534722,60.2191471166,43.5864646321,35.1337136295
2017-06-01T00:17:40,6.91171138914,61.2673025129,43.8209321789,35.6309758933
2017-06-01T00:17:50,10.741917,67.4879573818,43.8760410004,35.8316045059
2017-06-01T00:18:00,6.09178917664,65.9940429784,43.5173273828,35.963424287
2017-06-01T00:18:10,9.02876547986,65.9550319148,43.498298522,35.0651850493
2017-06-01T00:18:20,7.47234686317,63.1197237392,43.1113979812,34.6627253608
2017-06-01T00:18:30,7.314465581,63.1573344591,44.1013127192,37.3562093552
2017-06-01T00:18:40,5.88577989646,62.1490802817,44.5478120547,37.7213337415
2017-06-01T00:18:50,6.67408787999,64.0039831085,44.0667700662,36.5851119984
2017-06-01T00:19:00,5.22166521905,62.4600499707,44.4768064581,37.0302430619
2017-06-01T00:19:10,6.85117433649,61.1086894279,44.4401193484,37.1717279689
2017-06-01T00:19:20,6.60167405352,61.8653743499,44.9558300824,37.7677970715
2017-06-01T00:19:30,7.71945928549,61.7009083185,44.4197137817,36.3229857544
2017-06-01T00:19:40,10.3661711337,66.9191409728,44.1240927445,36.1867039781
2017-06-01T00:19:50,9.58151641574,70.4864678358,46.9729544279,37.7498997735
2017-06-01T00:20:00,6.71666685977,66.0450309126,45.4676102424,37.6087930944
2017-06-01T00:20:10,7.78111724615,64.7133013669,44.4519930476,35.2923502009
2017-06-01T00:20:20,8.27001329527,69.6067098612,44.7900759194,35.753619213
2017-06-01T00:20:30,7.9446781205,64.4519529623,44.4485103563,36.0823302944
2017-06-01T00:20:40,6.0030097472,61.6326062396,44.7787268595,37.4337124671
2017-06-01T00:20:50,8.4035451106,62.7791795229,44.5303621886,37.3499759215
2017-06-01T00:21:00,8.08475398171,64.4012961755,44.2099034598,37.7794733549
2017-06-01T00:21:10,10.1479769018,64.5759417804,44.5663028251,37.9850990522
2017-06-01T00:21:20,8.44293327344,68.5578719988,44.7467305472,36.6284929467
2017-06-01T00:21:30,8.95073912349,66.9768928744,44.7409221252,37.165590836
2017-06-01T00:21:40,5.85317875384,62.2512468379,45.3656982665,37.9410514167
2017-06-01T00:21:50,7.35534946704,66.1063279605,45.6497188326,38.2358729913
2017-06-01T00:22:00,11.6118677067,69.3029135302,45.8309915103,38.23317869
2017-06-01T00:22:10,7.7775132005,65.4476541775,44.6198774584,36.8024622536
2017-06-01T00:22:20,11.4319065427,70.3213614178,45.8972000408,37.3348586232
2017-06-01T00:22:30,9.25104212533,66.645142444,47.4597641083,39.6963764618
2017-06-01T00:22:40,6.26909106869,62.6449774575,45.3613747382,37.6764522548
2017-06-01T00:22:50,8.13206474483,68.8874211254,45.3538875528,38.6938673364
2017-06-01T00:23:00,8.98070163689,68.5676409466,45.5073518798,37.4756949832
2017-06-01T00:23:10,8.6764259973,72.7429920055,45.0040334841,36.4861365828
2017-06-01T00:23:20,8.42932556356,66.0424149507,45.0429101557,36.2906713226
2017-06-01T00:23:30,9.68880093695,65.2014229476,45.5183755255,35.5257938296
2017-06-01T00:23:40,7.02185613481,63.5497272992,45.2144125023,35.5140284145
2017-06-01T00:23:50,7.69035609781,65.3928261288,46.7748111892,37.3871025675
2017-06-01T00:24:00,8.77959606345,68.7703253108,46.7122301922,40.0098250146
2017-06-01T00:24:10,6.93057712694,64.0661530617,47.4999201775,42.7077516423
2017-06-01T00:24:20,11.3087244956,74.4270982463,47.4927535079,41.3907396714
2017-06-01T00:24:30,10.7081077768,76.7210095275,48.593048938,40.0226490956
2017-06-01T00:24:40,6.46142828893,69.3868127322,47.4516250126,39.6551244588
2017-06-01T00:24:50,9.38220073118,72.5889314857,49.1822518124,41.8383600217
2017-06-01T00:25:00,8.40083141495,78.2841241072,51.78342383,42.3181590379
2017-06-01T00:25:10,8.57936210985,70.1726638268,49.0592239288,41.4930782582
2017-06-01T00:25:20,8.86129318213,76.067027424,47.9894677353,40.8077238995
2017-06-01T00:25:30,8.63897205685,66.2693845479,47.0449211737,38.7242035347
2017-06-01T00:25:40,10.139896745,68.8214123964,46.4083496663,39.6992840079
2017-06-01T00:25:50,7.50426623231,66.8751793886,46.2159083644,38.3847302438
2017-06-01T00:26:00,9.21073487662,73.5017987318,46.3023626576,37.2699202326
2017-06-01T00:26:10,9.39504956061,68.3105301138,46.3759621893,37.3942110607
2017-06-01T00:26:20,9.19704397612,67.6251795656,45.6308025773,37.9384250834
2017-06-01T00:26:30,7.20306033141,62.5910469254,44.6516809695,35.8569548057
2017-06-01T00:26:40,8.21958747218,65.5684853237,44.4275881905,35.0619095342
2017-06-01T00:26:50,5.83670735128,63.6739926686,44.6821058922,35.5548099408
2017-06-01T00:27:00,6.30129499695,61.502297633,44.6204090277,35.6047883036
2017-06-01T00:27:10,7.85619599951,63.4934394699,44.6376613152,34.8807600405
2017-06-01T00:27:20,6.84926273024,62.6186736056,44.818471455,33.8585401676
2017-06-01T00:27:30,6.1433542491,61.7397504824,43.7530501808,33.8204509513
2017-06-01T00:27:40,9.01597643046,65.0403216966,44.2531527067,34.5623797361
2017-06-01T00:27:50,9.37817798991,64.7924846364,42.7392185057,33.2944326372
2017-06-01T00:28:00,9.57502654553,62.3257161765,43.603077809,34.0894668925
2017-06-01T00:28:10,8.17348439979,61.1611766264,43.9174582406,34.7967672876
2017-06-01T00:28:20,6.60271610068,61.5548265545,43.7379103704,35.7167854888
2017-06-01T00:28:30,5.3870923798,63.7587308542,45.0874976213,37.8214727948
2017-06-01T00:28:40,11.3450408741,66.6787717932,45.7831352389,38.710030152
2017-06-01T00:28:50,12.3607669297,67.5605225329,44.7330991258,37.9552790883
2017-06-01T00:29:00,13.7745085951,76.1516249716,45.326056487,37.1176885312
2017-06-01T00:29:10,10.7437253687,70.9305483523,44.2058729174,35.9481273532
2017-06-01T00:29:20,8.18564457369,64.1067227535,43.9579363056,35.6941469001
2017-06-01T00:29:30,11.2324294357,71.6427861283,44.3429842433,35.9685713429
2017-06-01T00:29:40,6.32618376225,61.9560563058,43.8219124678,35.8812004315
2017-06-01T00:29:50,6.20315121034,60.4160094319,43.2825012561,35.965925932
2017-06-01T00:30:00,6.64516162538,59.7044318917,44.0090728988,37.6972591586
2017-06-01T00:30:10,7.02938652561,58.9669945937,43.360481361,36.240366836
2017-06-01T00:30:20,7.58145713056,62.1139880492,42.688667864,36.1282358105
2017-06-01T00:30:30,4.38006619642,60.801783327,44.2039076251,37.2862950053
2017-06-01T00:30:40,9.06609336842,68.5363466452,44.5451068102,38.5918970627
2017-06-01T00:30:50,10.2027009493,70.636020417,45.8165538776,39.9138656724
2017-06-01T00:31:00,8.13880093975,70.143074173,45.1773970665,37.3488064268
2017-06-01T00:31:10,8.90081178772,66.9900743977,45.7484667731,41.4678870153
2017-06-01T00:31:20,8.87158107017,66.7491178791,43.2601283641,37.5945011453
2017-06-01T00:31:30,10.6078691714,62.5458894409,43.5574292464,37.6899839696
2017-06-01T00:31:40,15.060265181,71.5352951567,44.9977645324,39.7168290549
2017-06-01T00:31:50,13.6074472457,80.4274240495,46.0900107346,39.5917857697
2017-06-01T00:32:00,12.9986669659,81.9094853254,56.2911280519,44.7419187043
2017-06-01T00:32:10,10.514781678,63.9769254243,43.854104155,38.5130985887
2017-06-01T00:32:20,8.91750365659,66.626831889,43.4605881679,38.2896594017
2017-06-01T00:32:30,11.4521656718,67.2637483879,43.8153398283,39.6228159485
2017-06-01T00:32:40,12.0197932039,66.8752535255,44.5951288927,39.1901981342
2017-06-01T00:32:50,10.6646546531,73.3830705806,45.3719766794,39.2777483023
2017-06-01T00:33:00,9.75455632664,70.6191071537,44.6548790513,39.3768916788
2017-06-01T00:33:10,10.8235789937,66.8120103884,44.2853341256,38.0774978393
2017-06-01T00:33:20,6.91251027384,61.2382681109,44.5414426041,40.3828706087
2017-06-01T00:33:30,8.0295282706,61.5891274088,44.8973456069,40.8561238142
2017-06-01T00:33:40,6.08768710898,61.3676913072,43.8774101662,39.0057355143
2017-06-01T00:33:50,12.307502957,68.8746892784,44.3206488514,40.0528508624
2017-06-01T00:34:00,10.1866099093,72.609400682,46.3913852385,42.6830849354
2017-06-01T00:34:10,12.2799764082,73.7212633923,43.6286308777,38.3707234988
2017-06-01T00:34:20,8.83447799872,67.1507294435,41.8943324683,36.9655558937
2017-06-01T00:34:30,7.06418868684,59.8712834177,42.5275167271,38.1772514534
2017-06-01T00:34:40,7.53098896272,58.5469737594,42.0089076396,37.8463222813
2017-06-01T00:34:50,8.02224603253,59.4265108333,41.071058478,36.588158878
2017-06-01T00:35:00,5.40587307764,57.0087727851,41.7334135809,38.177731027
2017-06-01T00:35:10,7.33018002393,58.0050140434,41.5894065847,37.2220842566
2017-06-01T00:35:20,7.32405338192,59.8683693175,42.1203916067,37.4770872977
2017-06-01T00:35:30,5.72934276667,58.3114288625,41.8459610207,37.9434603177
2017-06-01T00:35:40,6.36274352828,56.6465390084,41.042431854,34.9096114386
2017-06-01T00:35:50,9.44173987809,64.276768652,41.7062412468,36.2703950923
2017-06-01T00:36:00,8.77674347864,64.5845091733,41.6326413378,35.7926861748
2017-06-01T00:36:10,12.4739262917,67.3196249971,41.5753490512,35.4287537407
2017-06-01T00:36:20,9.56878780303,64.1872713207,41.5068155047,36.1662783836
2017-06-01T00:36:30,7.82042064657,60.60258624,42.2802902555,36.033293943
2017-06-01T00:36:40,7.37967481073,60.0547448037,42.2286459201,37.2877436415
2017-06-01T00:36:50,5.85509021216,57.904926186,42.3603327225,37.1300138092
2017-06-01T00:37:00,6.52105658056,60.4146480266,43.0798614013,36.3744280441
2017-06-01T00:37:10,7.83863057221,63.6755044957,43.0831824043,38.2841732726
2017-06-01T00:37:20,13.9283662318,75.8648032313,43.7192995779,37.4231645425
2017-06-01T00:37:30,5.61089414441,60.0136689565,42.0683675218,37.2021272365
2017-06-01T00:37:40,6.6586348763,57.5719106147,41.7904486142,36.1386625891
2017-06-01T00:37:50,7.12985800121,57.4712585626,42.1487071009,37.2097928383
2017-06-01T00:38:00,7.3726664911,56.8736024308,41.562174972,36.8882590285
2017-06-01T00:38:10,8.08595097546,56.8709830639,41.9345285251,37.269535361
2017-06-01T00:38:20,3.55218071474,56.3643961239,41.5162993199,37.5568833752
2017-06-01T00:38:30,6.69524484367,56.2298047152,41.69770275,37.6054426918
2017-06-01T00:38:40,6.60627312127,57.6697078692,42.0949458758,37.0511271287
2017-06-01T00:38:50,6.52499101166,57.9937974606,41.8876552532,37.060930439
2017-06-01T00:39:00,4.57027654233,56.9989765365,42.5241381164,37.3884265667
2017-06-01T00:39:10,6.3061686987,56.1325245182,41.8684008493,35.7588651829
2017-06-01T00:39:20,6.16750659918,56.419473942,42.1535280004,37.6574589821
2017-06-01T00:39:30,5.10445317032,57.8383421092,42.4296414038,35.4446920852
2017-06-01T00:39:40,6.98733819024,57.7932185781,42.679402816,37.3469297579
2017-06-01T00:39:50,7.57386779885,57.9129404758,41.5256746073,34.314438891
2017-06-01T00:40:00,11.4308975815,66.8504956647,41.1334694942,36.5102047595
2017-06-01T00:40:10,12.0533897268,61.4915852309,41.090614699,36.5912651631
2017-06-01T00:40:20,10.78063827,60.3424069072,40.9539733584,36.2420524423
2017-06-01T00:40:30,6.48632657183,56.477475724,41.494663047,35.6524183549
2017-06-01T00:40:40,6.03497117434,56.4968765484,41.3382689332,35.1345907107
2017-06-01T00:40:50,6.47113249321,57.8563773157,42.4455555549,36.6575740112
2017-06-01T00:41:00,7.6847671357,57.9024367305,45.0430052545,38.3070039844
2017-06-01T00:41:10,4.86528970856,58.3882674325,45.2515007933,37.1299121662
2017-06-01T00:41:20,4.51788284618,57.9868906253,46.4885191841,40.3434906312
2017-06-01T00:41:30,4.448300074,57.2463643139,46.4858296972,39.2437098079
2017-06-01T00:41:40,5.10306071587,58.4977509531,47.6753274314,39.7958997525
2017-06-01T00:41:50,3.0653089066,58.184238384,47.8238370719,42.4597650077
2017-06-01T00:42:00,7.3647069804,57.2140183897,45.0448859832,39.4921097299
2017-06-01T00:42:10,5.68573805117,56.6955208854,44.0103384512,37.9740645588
2017-06-01T00:42:20,4.63267936953,56.8999878439,44.8285995542,39.2297022455
2017-06-01T00:42:30,6.47710254588,56.8650494384,46.5012767543,40.7405185233
2017-06-01T00:42:40,6.83545967348,55.7214947516,45.2936404733,38.9145286758
2017-06-01T00:42:50,6.46526798578,56.3620747535,43.2931642076,38.6159904593
2017-06-01T00:43:00,5.23921262655,56.5353754071,45.109351595,38.5143636357
2017-06-01T00:43:10,5.881247399,56.2782672211,44.1915972204,38.5358312462
2017-06-01T00:43:20,5.7103489188,58.1712479511,46.107392562,39.1879945256
2017-06-01T00:43:30,6.27448255585,58.6451146441,46.5798083654,40.3024218393
2017-06-01T00:43:40,6.53061419843,57.2739608495,46.3529018556,41.5703957348
2017-06-01T00:43:50,5.14762445856,57.5787182106,46.3054725468,40.9255134134
2017-06-01T00:44:00,6.26763308283,57.4263665337,45.2966676614,39.9192348666
2017-06-01T00:44:10,5.02647906541,55.752141391,44.6985095588,38.4617505444
2017-06-01T00:44:20,6.33153325949,56.6469030716,44.9816375984,39.705817552
2017-06-01T00:44:30,6.50075086749,56.4959162469,44.7999962853,40.1891053356
2017-06-01T00:44:40,6.65476532028,57.5191226709,44.0404259009,38.9150618434
2017-06-01T00:44:50,6.81829895132,56.1477856802,42.8743749446,37.3033164084
2017-06-01T00:45:00,6.75388922564,55.9741992867,42.4828328791,35.0367730569
2017-06-01T00:45:10,4.89419093687,55.9628077134,42.7325712833,37.2219784065
2017-06-01T00:45:20,8.27223444233,56.6132265101,41.8415439194,36.2700817
2017-06-01T00:45:30,4.86218036842,55.9823181482,42.088090879,37.0665274056
2017-06-01T00:45:40,7.17067265197,56.4698942217,42.2831556626,37.3003006348
2017-06-01T00:45:50,7.42312798644,58.1176213477,42.3950637958,36.3576509193
2017-06-01T00:46:00,5.33048405177,56.8823516808,42.5270042997,37.2726060797
2017-06-01T00:46:10,5.78928206255,56.941953603,42.6929490803,38.2905959479
2017-06-01T00:46:20,5.60075815895,55.7354819419,42.587617,38.065819186
2017-06-01T00:46:30,6.09057496587,55.988384351,42.9583887519,38.1441054331
2017-06-01T00:46:40,6.03729663249,56.0840503437,43.9429095878,39.1449957344
2017-06-01T00:46:50,5.05823237098,56.4218617585,42.2897288762,34.9173523377
2017-06-01T00:47:00,6.03000003106,56.999393245,42.7771410271,38.728974663
2017-06-01T00:47:10,7.14042713373,57.4479317864,43.1930620444,39.1225016447
2017-06-01T00:47:20,4.44334809028,55.568786453,41.9108514003,36.3184406729
2017-06-01T00:47:30,6.40987739069,56.10733558,42.1668217324,37.2676006815
2017-06-01T00:47:40,5.57105117556,56.3653542356,42.7883064339,38.5415727579
2017-06-01T00:47:50,5.28282175089,55.5484167651,43.3201888792,38.9873116318
2017-06-01T00:48:00,5.3680729368,55.5860626941,44.0950550957,37.0485352535
2017-06-01T00:48:10,4.95832117786,56.2858520019,46.0829365334,39.8978003419
2017-06-01T00:48:20,6.68562440335,56.872300287,44.5183114131,39.5401757516
2017-06-01T00:48:30,7.41423803238,57.4777913155,44.4117834686,38.954339272
2017-06-01T00:48:40,5.81049661863,56.5424442854,43.8646609629,39.3614600837
2017-06-01T00:48:50,5.01167787544,55.8410809289,44.3916087423,38.2018060376
2017-06-01T00:49:00,3.8159070312,55.5732585772,44.604306855,39.4978696303
2017-06-01T00:49:10,5.5923844927,56.7084486403,45.0432721019,39.9766410201
2017-06-01T00:49:20,4.35021256997,55.9386308224,45.0659941901,40.2197251869
2017-06-01T00:49:30,6.50376111344,57.0470651537,45.140634122,40.87926844
2017-06-01T00:49:40,4.25655268867,56.6864698225,44.6673163143,39.2857749334
2017-06-01T00:49:50,4.27467972296,56.3829209336,45.4385894859,39.9061889872
2017-06-01T00:50:00,5.41674366046,56.4303097526,45.369353304,40.9836383685
2017-06-01T00:50:10,5.42962326843,55.9587209364,43.6304530298,39.2837804992
2017-06-01T00:50:20,6.7886116453,57.3188744945,42.8341895091,35.1753612101
2017-06-01T00:50:30,6.21990475161,55.5586384246,42.7654725967,38.7752369536
2017-06-01T00:50:40,5.32868814537,55.8208163122,43.8551624343,39.2622176639
2017-06-01T00:50:50,5.42353243953,56.8310278573,45.0952378715,40.6167487948
2017-06-01T00:51:00,6.01523212184,56.9653346156,46.494410481,41.7745737651
2017-06-01T00:51:10,6.07185716893,56.9073757212,46.1421243949,42.6643566851
2017-06-01T00:51:20,5.96702229733,57.1138578396,45.3273464914,41.3427170218
2017-06-01T00:51:30,5.82656312084,56.3275069483,45.4836040218,41.9249714347
2017-06-01T00:51:40,7.64671802751,56.808268699,45.3891963421,40.9698690873
2017-06-01T00:51:50,5.97022728982,56.0646507923,44.8250330023,39.8279445301
2017-06-01T00:52:00,6.25609527338,56.5087622177,44.0563903698,40.477485083
2017-06-01T00:52:10,6.09769643096,57.1157495206,43.7122013099,40.2650702387
2017-06-01T00:52:20,6.98029067794,57.0491238671,43.3364392854,39.0741165079
2017-06-01T00:52:30,6.60722636114,57.8993981867,43.4053582387,39.3875041198
2017-06-01T00:52:40,4.22422720176,56.5353929664,43.8958918873,39.9651830543
2017-06-01T00:52:50,6.99861589223,57.0128405324,43.6259086352,38.7878662953
2017-06-01T00:53:00,5.92307214465,57.0389870336,43.6901875803,38.7329356869
2017-06-01T00:53:10,6.06719503343,57.4790846669,44.1472249345,39.2278323508
2017-06-01T00:53:20,7.27802283985,56.6118370544,43.2539140148,37.5712033297
2017-06-01T00:53:30,5.73004734154,57.3541670415,44.2930618097,39.2863178451
2017-06-01T00:53:40,5.72102332819,57.0306801669,44.2126758465,39.5068533223
2017-06-01T00:53:50,5.447502009,57.7045947633,44.2240669245,39.307453181
2017-06-01T00:54:00,7.13516653157,57.4423741646,43.7729040443,38.7742941904
2017-06-01T00:54:10,5.76567676549,55.7508925721,43.3530024487,37.1701833494
2017-06-01T00:54:20,5.11178643353,56.6958357721,44.6143413904,40.7263908921
2017-06-01T00:54:30,4.79672023007,56.9930393703,44.2121880553,39.1001019376
2017-06-01T00:54:40,5.38925071644,57.547696859,44.6988579085,39.4173110405
2017-06-01T00:54:50,6.49167470445,57.9508637724,45.1621728566,40.0782166666
2017-06-01T00:55:00,4.73850765247,57.4853742313,45.9418060075,41.061586396
2017-06-01T00:55:10,5.91330734885,57.5126227376,46.3900746632,42.2150800645
2017-06-01T00:55:20,5.33054768716,58.0678063433,47.1127445853,42.5868615236
2017-06-01T00:55:30,4.82467772614,58.2275129308,47.028051219,41.9535694606
2017-06-01T00:55:40,8.80123720953,68.4589687467,47.833550636,43.0589614772
2017-06-01T00:55:50,6.8290198322,65.6955526211,47.3632168889,42.4093797127
2017-06-01T00:56:00,6.37395344228,58.6631916459,45.7418085703,41.8065055033
2017-06-01T00:56:10,7.3958735361,59.3709290862,45.69186723,41.4154593676
2017-06-01T00:56:20,5.43062378347,59.2164315166,44.7597166952,40.2753674973
2017-06-01T00:56:30,4.85854750405,58.1834338149,44.5932551327,40.0950067229
2017-06-01T00:56:40,6.08690567911,57.7894084953,44.5028778143,40.0821806695
2017-06-01T00:56:50,5.94314183624,57.6400011449,45.681539276,40.7215780747
2017-06-01T00:57:00,6.05339164439,58.9864314124,45.5505001766,40.0982517331
2017-06-01T00:57:10,5.86611653405,57.2367424521,44.0575306586,39.5900315302
2017-06-01T00:57:20,8.15957282396,58.0436728972,44.3238511227,40.110749549
2017-06-01T00:57:30,6.40674011467,57.5853722309,43.5883797976,39.0976911631
2017-06-01T00:57:40,5.13095067954,56.8693129407,43.5542724026,38.9618640513
2017-06-01T00:57:50,6.49539465114,57.7622049747,43.4154609991,38.5309716285
2017-06-01T00:58:00,6.00809051855,57.1050976304,43.4205032391,38.8269423249
2017-06-01T00:58:10,5.23342715711,56.5643766289,43.3395989046,38.7213831171
2017-06-01T00:58:20,5.30110686406,57.1512754922,43.1708737162,39.0991324976
2017-06-01T00:58:30,5.6286416779,56.6964555825,42.991664594,38.5732005826
2017-06-01T00:58:40,5.49043216081,56.5313256472,42.6366256213,37.3331400372
2017-06-01T00:58:50,4.77587971939,56.5732603064,43.30155798,39.1342015531
2017-06-01T00:59:00,5.95816630195,56.470364016,43.3614825652,38.7576268313
2017-06-01T00:59:10,6.90381010345,57.4579343817,43.3701669861,38.866222499
2017-06-01T00:59:20,5.43950882162,58.2681177885,43.2259915271,39.0413472215
2017-06-01T00:59:30,5.09186813842,57.9291279963,43.6224634528,38.3808427192
2017-06-01T00:59:40,4.04505313563,56.8287212313,43.6269056928,39.6274141787
2017-06-01T00:59:50,5.53021188285,57.3628018673,43.9313777182,39.4309054563
2017-06-01T01:00:00,7.81377546641,58.6410052371,44.1040527361,39.6091884931
2017-06-01T01:00:10,4.31059316289,57.3563226967,43.1920290746,38.121671923
2017-06-01T01:00:20,6.77563566765,58.4889449789,43.2117780236,36.4854799641
2017-06-01T01:00:30,5.99594582607,58.6725451657,43.6578989887,39.7223437791
2017-06-01T01:00:40,5.74617413546,57.1800473854,43.8254818953,40.1278202937
2017-06-01T01:00:50,7.59798150268,57.9959578932,43.5320359642,39.4865254064
2017-06-01T01:01:00,6.54598753674,57.7760336173,43.6552706659,40.0734554788
2017-06-01T01:01:10,5.07295789928,57.4425987058,43.7331961187,40.4551604833
2017-06-01T01:01:20,5.38081183163,57.039646347,44.0389373715,39.739987615
2017-06-01T01:01:30,6.00533884441,57.830423335,43.6843480099,39.473323693
2017-06-01T01:01:40,8.66648101795,58.2527918425,43.1037055173,37.6740822008
2017-06-01T01:01:50,4.80237743722,57.9262068138,44.26124478,40.6963622423
2017-06-01T01:02:00,4.2006259307,57.1220240108,43.4957464379,40.4571599766
2017-06-01T01:02:10,5.51115432113,57.326935903,43.8512251359,40.0922202451
2017-06-01T01:02:20,6.48808058263,57.9226540646,44.1573264729,41.9256169321
2017-06-01T01:02:30,5.4555690115,57.4424873209,44.2155702939,40.9462161733
2017-06-01T01:02:40,6.17342857359,57.6621503037,44.0498744914,40.7977480839
2017-06-01T01:02:50,3.84082758704,57.890614225,44.2040446015,40.5600745126
2017-06-01T01:03:00,5.46609392821,57.9660581568,44.1861586343,40.664419433
2017-06-01T01:03:10,4.88172275997,57.3331952983,43.7909670943,39.0128679651
2017-06-01T01:03:20,6.18494519098,58.8357174797,44.3479023804,40.4477754843
2017-06-01T01:03:30,6.95336537214,58.8516248187,44.0773549722,40.2271130029
2017-06-01T01:03:40,8.00995267091,58.6963053351,44.2676730574,39.7008091845
2017-06-01T01:03:50,6.29663741858,58.0755580242,43.257101339,39.6277835014
2017-06-01T01:04:00,7.55401252339,58.9281027552,43.7841660812,40.2263143392
2017-06-01T01:04:10,5.54220012994,57.9756040339,43.2160486189,38.6999403024
2017-06-01T01:04:20,7.99541650244,57.9687958138,42.807558758,39.2452742535
2017-06-01T01:04:30,5.19963371437,58.4435244727,43.0460089533,38.3019624745
2017-06-01T01:04:40,6.92091674098,58.4318671857,43.0710320763,37.8479537859
2017-06-01T01:04:50,6.79959355409,57.8927743688,43.8294662386,38.9607368721
2017-06-01T01:05:00,8.08006377725,57.4575600129,43.9745096633,39.8760490725
2017-06-01T01:05:10,6.48806563333,58.7828985758,45.0394903487,41.2012370279
2017-06-01T01:05:20,7.33403997338,58.9323662798,43.9650300195,40.4121995834
2017-06-01T01:05:30,5.88865202834,59.9734655939,44.2980344179,40.5694581936
2017-06-01T01:05:40,6.38510862142,59.3079181771,43.7069274607,39.7329622891
2017-06-01T01:05:50,5.87343737308,59.4572413895,43.5382716421,38.8008759326
2017-06-01T01:06:00,7.03945018093,59.0723014329,44.3473196926,38.434002278
2017-06-01T01:06:10,6.52522346095,58.9340535882,44.4069673363,39.7728538483
2017-06-01T01:06:20,6.19201503942,58.6287155867,44.4648979317,39.9630034155
2017-06-01T01:06:30,5.56526051012,58.6963264051,44.6478514612,39.9677108085
2017-06-01T01:06:40,4.16209198393,57.7771321935,45.046968532,40.7455279034
2017-06-01T01:06:50,3.75060010465,59.0309966389,45.2480605771,41.7289786402
2017-06-01T01:07:00,5.12890985173,59.6208834196,44.8504322437,40.8037090624
2017-06-01T01:07:10,6.68158243318,59.8984177509,43.9402592119,38.4861512445
2017-06-01T01:07:20,5.56422022919,60.0702054654,43.3738858893,38.2435811614
2017-06-01T01:07:30,6.89678914836,59.8268216776,44.0721127686,39.3580682156
2017-06-01T01:07:40,5.85865249301,58.8153024758,43.9668902208,38.9981050875
2017-06-01T01:07:50,6.90792772811,60.3306080697,44.0254485564,39.3298913256
2017-06-01T01:08:00,5.10779774738,59.4186087867,44.218189637,39.9761307718
2017-06-01T01:08:10,7.31282498104,60.1533702966,44.3005979086,39.3344996011
2017-06-01T01:08:20,7.33069460301,59.5895648792,43.7213010019,36.4664397887
2017-06-01T01:08:30,6.477721121,60.4063754162,43.8348896809,38.5434495957
2017-06-01T01:08:40,4.83016100939,60.8235576212,44.5421818823,38.6801088266
2017-06-01T01:08:50,7.50390097332,60.7254972493,43.8023287742,38.2417195012
2017-06-01T01:09:00,7.89785393779,60.369587686,44.1116157137,38.2799709177
2017-06-01T01:09:10,6.68203537617,59.5366376371,44.0465444175,38.6204703294
2017-06-01T01:09:20,6.00353034551,59.7498416744,44.2889777202,37.8396279312
2017-06-01T01:09:30,5.20178873999,59.1501302019,44.1601654432,39.0289023824
2017-06-01T01:09:40,5.63770794614,59.9602373847,44.5155280595,39.2754732114
2017-06-01T01:09:50,8.85001459643,60.4950774542,44.5802907602,39.1700003695
2017-06-01T01:10:00,7.71450280497,61.2168222594,45.3348289544,40.3626490746
2017-06-01T01:10:10,5.91976653467,61.3996878171,46.1008575569,42.2242248048
2017-06-01T01:10:20,5.18099576616,60.0222540752,46.9006508461,41.9556669596
2017-06-01T01:10:30,5.47377000202,59.4825879844,47.069489539,42.1837187565
2017-06-01T01:10:40,6.55998092264,61.3529454465,46.5614426531,42.1669612848
2017-06-01T01:10:50,6.11431502489,61.395010618,48.282750075,41.9943202146
2017-06-01T01:11:00,4.38757534838,60.4878257304,49.2665893102,42.8453492273
2017-06-01T01:11:10,6.39033475608,60.2234451726,48.9329386953,43.2278733813
2017-06-01T01:11:20,5.93015272173,60.1827439135,49.1849467757,43.4859225134
2017-06-01T01:11:30,5.42409119796,60.9920043094,49.0557726253,42.606056327
2017-06-01T01:11:40,4.42990926908,60.9371038538,49.2162225376,42.835975497
2017-06-01T01:11:50,5.09945920187,59.7196497668,46.7545417778,41.9236312878
2017-06-01T01:12:00,6.85864678719,62.1073454177,45.5730543505,38.7812893195
2017-06-01T01:12:10,5.90368189289,62.1617390165,47.2075528693,39.7731591991
2017-06-01T01:12:20,5.65739349141,61.6167773292,46.9220641516,40.8240299925
2017-06-01T01:12:30,6.56035627016,61.4788014939,47.1698713709,40.9081327656
2017-06-01T01:12:40,6.59781001708,62.4840852906,47.5087905442,41.4335534397
2017-06-01T01:12:50,5.20623734761,61.5369046659,46.5762938208,40.744156676
2017-06-01T01:13:00,5.45643722498,60.4710307901,46.0706722303,40.0762408998
2017-06-01T01:13:10,7.6511407172,63.1824453896,45.7064180849,40.2465819252
2017-06-01T01:13:20,6.9818697701,61.7911175199,45.5125027953,39.8602082184
2017-06-01T01:13:30,6.62585825602,61.1455090087,44.9842818067,39.9187154343
2017-06-01T01:13:40,8.02296285285,62.5393668005,44.7822718162,39.4295181564
2017-06-01T01:13:50,7.66718450873,62.547905673,45.3270661682,39.8387156841
2017-06-01T01:14:00,6.04198089578,61.2187478341,45.0323725599,37.5204306894
2017-06-01T01:14:10,8.03794527813,62.7862474583,44.9890394642,39.2201695565
2017-06-01T01:14:20,6.94736628155,61.3743307825,44.4904339424,39.0592528949
2017-06-01T01:14:30,5.8164787778,60.7087062278,44.3912236205,38.6592042069
2017-06-01T01:14:40,8.77066101038,63.0908649954,44.8104749019,39.9054787609
2017-06-01T01:14:50,5.18391739212,61.0897408237,44.4962437129,38.3976243131
2017-06-01T01:15:00,4.67548041737,61.7277762693,44.3221184774,36.4810822738
2017-06-01T01:15:10,5.77032716201,62.2101239729,44.5258567553,38.336993432
2017-06-01T01:15:20,6.22999901939,61.4384903861,44.617163215,38.2835677066
2017-06-01T01:15:30,5.93066068615,61.8293807176,44.9803761744,38.8484460068
2017-06-01T01:15:40,6.53516450504,61.8594192429,45.2184999233,39.3494414907
2017-06-01T01:15:50,4.91346162296,62.2722246056,45.2832732133,39.5626145346
2017-06-01T01:16:00,5.13045048952,61.9610403293,45.2600116139,39.0606864424
2017-06-01T01:16:10,6.8348696175,61.4482662512,45.2614565446,39.205930785
2017-06-01T01:16:20,6.57892538271,62.7972909793,45.0427151087,38.9118266574
2017-06-01T01:16:30,4.95647810419,62.7868699118,45.3546119446,39.5856533343
2017-06-01T01:16:40,6.09747382508,62.1776190405,45.1378364001,40.3314158067
2017-06-01T01:16:50,6.27813194701,62.0562541277,45.5739126659,39.7751708634
2017-06-01T01:17:00,8.03006744624,61.7124990325,45.4110172272,39.9322436238
2017-06-01T01:17:10,5.59406719637,63.2552571494,45.4799672489,39.8698472404
2017-06-01T01:17:20,5.51796894098,61.3862049765,46.0753279159,40.3297600872
2017-06-01T01:17:30,10.1652402349,61.7042258434,45.6561322568,39.6398731463
2017-06-01T01:17:40,6.63012389435,61.6685141159,45.5627674705,39.1779540089
2017-06-01T01:17:50,5.95999554659,61.422105977,45.5541704783,39.8668193746
2017-06-01T01:18:00,6.22739274037,60.8490608873,46.2968785435,40.9063364762
2017-06-01T01:18:10,7.47235522485,61.5251021973,45.695583427,41.6299140841
2017-06-01T01:18:20,7.03556687457,62.1087021236,46.512655669,41.9014717647
2017-06-01T01:18:30,6.2156473855,61.9477760908,45.5428447921,40.7580936512
2017-06-01T01:18:40,8.28280954165,61.1258097171,47.3003972677,42.621760085
2017-06-01T01:18:50,6.02638888163,60.8831060286,45.57814427,40.2670895791
2017-06-01T01:19:00,6.47876808526,60.4918387421,45.8792244609,40.2997204735
2017-06-01T01:19:10,6.91523305874,61.9087310349,46.7390877554,41.9479553836
2017-06-01T01:19:20,5.19971879437,61.246301822,47.422682258,43.1107014396
2017-06-01T01:19:30,6.27488455639,61.4542560846,47.8100354809,43.4710666004
2017-06-01T01:19:40,8.93350576918,61.8128126096,48.2408079722,43.1519973862
2017-06-01T01:19:50,4.63520645436,61.7223900717,49.4381359742,45.1630463571
2017-06-01T01:20:00,5.074005403,61.1860715298,47.8943073413,43.0247729484
2017-06-01T01:20:10,6.46886753366,62.0316608567,49.4084292947,44.6329485274
2017-06-01T01:20:20,8.54731166498,62.6098813975,49.8791710397,45.1161554617
2017-06-01T01:20:30,6.30079529275,61.9981131052,48.8141280519,44.0098517346
2017-06-01T01:20:40,6.46017117967,62.0474634259,48.2997201223,43.8135600602
2017-06-01T01:20:50,7.6670327733,61.2891805821,47.8520085185,43.4024881363
2017-06-01T01:21:00,6.81990306197,61.679235094,48.3863383576,44.4323481281
2017-06-01T01:21:10,5.30763100858,61.6898791137,47.4650998433,43.6013316133
2017-06-01T01:21:20,6.38820120947,61.0406114889,46.2380223763,41.6000876437
2017-06-01T01:21:30,5.38763884025,61.5763761942,46.3716115706,42.0639966169
2017-06-01T01:21:40,6.60579347511,61.1931332928,46.3206954037,42.8359749834
2017-06-01T01:21:50,7.60946769565,61.3626137431,45.4281715553,39.8460949659
2017-06-01T01:22:00,5.93035490906,62.7035075461,45.3531911059,40.3264332171
2017-06-01T01:22:10,5.20521502422,61.0051833364,45.4130383314,40.9623376638
2017-06-01T01:22:20,7.14186557136,62.1521733646,46.0506275609,40.6015851407
2017-06-01T01:22:30,4.03879688967,61.6370377008,44.8543593817,38.8475948214
2017-06-01T01:22:40,6.89813431716,61.9712672475,44.8705459733,39.2410900775
2017-06-01T01:22:50,6.24238741771,61.7614925581,45.6943293389,40.4161306696
2017-06-01T01:23:00,6.3437317553,61.3360289876,46.2962929443,42.0538040004
2017-06-01T01:23:10,4.82242954598,61.1653697447,46.2553272169,40.6273679832
2017-06-01T01:23:20,6.96715365701,62.4187554876,46.0339183647,40.4325796879
2017-06-01T01:23:30,5.32342028778,61.0318259568,46.3375594869,40.854949318
2017-06-01T01:23:40,4.88389710442,62.1914033902,45.9801604315,40.6514340291
2017-06-01T01:23:50,9.63656662313,62.1468847037,45.6846717871,40.8648813475
2017-06-01T01:24:00,8.09112418001,61.0235391393,46.3710682992,40.7244053911
2017-06-01T01:24:10,6.17761031827,62.7372585441,46.4013833153,40.516896486
2017-06-01T01:24:20,5.03524339109,60.6397903044,47.1780347482,42.7579488034
2017-06-01T01:24:30,4.88969642608,61.9302279271,47.1200381745,42.1332077185
2017-06-01T01:24:40,6.66584683933,61.9324321124,46.7666920957,41.7535193595
2017-06-01T01:24:50,4.95926273068,62.9220402861,47.4642669423,42.4328775376
2017-06-01T01:25:00,6.32429346128,61.5382316409,46.5984234886,41.9232572446
2017-06-01T01:25:10,7.03785955496,62.6773328532,47.763619527,42.9965820169
2017-06-01T01:25:20,5.41778535946,61.5899336864,48.8477710095,43.8952332886
2017-06-01T01:25:30,4.76840974397,61.7442783821,47.9200928194,42.0122131264
2017-06-01T01:25:40,5.6658370647,61.9037647923,46.322032238,41.9144547787
2017-06-01T01:25:50,6.53686027043,61.6705449746,46.1173501232,41.7513362752
2017-06-01T01:26:00,5.83286852242,61.9623687766,47.4093345757,43.511911272
2017-06-01T01:26:10,5.01760738494,62.6593319383,46.751753269,42.9529742691
2017-06-01T01:26:20,5.36867981389,61.0228538664,45.409398159,40.3635253077
2017-06-01T01:26:30,6.40870434386,62.2753068543,45.7930348222,40.5970960611
2017-06-01T01:26:40,7.2568257238,61.2622688832,45.6452337093,40.6240440393
2017-06-01T01:26:50,6.23431935353,61.3588409256,45.0762719813,39.818769745
2017-06-01T01:27:00,7.3438143964,62.767757579,45.3630027859,40.4117777018
2017-06-01T01:27:10,9.72621437619,63.5376297626,46.0418359357,41.1872666376
2017-06-01T01:27:20,8.1205327231,62.821322797,45.3868190531,41.1062374274
2017-06-01T01:27:30,4.80376343772,61.8503000716,45.2943191751,41.2734052239
2017-06-01T01:27:40,7.79359709809,62.5219641547,45.5549772016,40.3640670028
2017-06-01T01:27:50,8.02839236558,63.9753241605,45.1206080685,40.7949150507
2017-06-01T01:28:00,6.03948904274,62.5194992673,45.9885235458,42.5316906225
2017-06-01T01:28:10,8.14537373651,61.800933754,46.0843712364,41.982544563
2017-06-01T01:28:20,6.51420771316,61.6723627762,45.939050395,41.750698906
2017-06-01T01:28:30,8.07380309714,60.7800671138,45.9236213473,41.7435270922
2017-06-01T01:28:40,6.13359754707,62.0324469541,46.0217039374,41.1809130834
2017-06-01T01:28:50,6.7519198622,62.0378040457,45.4461323992,40.6732141258
2017-06-01T01:29:00,6.31182767902,62.3987450039,45.9551950618,41.410539293
2017-06-01T01:29:10,5.14699695601,60.4238974291,45.2819065801,40.4056837038
2017-06-01T01:29:20,8.92066915645,62.5412763247,45.6618816271,40.9126799702
2017-06-01T01:29:30,4.92131879089,63.1070233994,45.3903774565,40.3727431493
2017-06-01T01:29:40,5.47565063461,63.171698579,45.465818145,40.6401753162
2017-06-01T01:29:50,6.95146625593,61.3953669883,45.5136003726,40.4450783135
2017-06-01T01:30:00,5.50264954807,62.5638767246,45.602022096,40.6222360148
2017-06-01T01:30:10,6.05605262583,61.7688693085,45.8092226712,41.5671074676
2017-06-01T01:30:20,4.91048223501,63.0491365504,46.033850611,41.6983591438
2017-06-01T01:30:30,5.46304172985,61.5831116181,46.192313886,40.8688734196
2017-06-01T01:30:40,9.54655169175,62.7560689677,45.2225413846,40.8815383949
2017-06-01T01:30:50,6.80571346622,61.862242055,45.1349634025,41.2274544545
2017-06-01T01:31:00,6.62664672477,61.5033214265,44.7407416425,40.9956046006
2017-06-01T01:31:10,6.04300512317,59.8056582858,45.0824792018,40.6615445584
2017-06-01T01:31:20,6.1323928099,61.153709354,45.0485944353,40.5798421
2017-06-01T01:31:30,6.87364908312,60.9161398897,44.7512527792,41.2484074809
2017-06-01T01:31:40,6.93334070343,61.2009200674,44.6723165386,40.3099441571
2017-06-01T01:31:50,7.69107507724,61.2755000733,44.7292012039,40.6218241264
2017-06-01T01:32:00,5.67390234894,61.430001454,44.335792874,40.659490129
2017-06-01T01:32:10,4.06565785804,61.4752448973,44.4349383503,40.9999454073
2017-06-01T01:32:20,5.67678430863,62.153283139,44.4244440789,40.4458163746
2017-06-01T01:32:30,6.50350519675,61.3003705865,44.6570449276,40.7598135406
2017-06-01T01:32:40,6.21280318572,61.5493089363,44.828879097,40.5103319846
2017-06-01T01:32:50,6.66624339287,61.2513007031,45.0203666616,41.0093218397
2017-06-01T01:33:00,8.88851231061,63.010715551,45.2671300158,41.4868523603
2017-06-01T01:33:10,5.54109347016,60.6880933212,44.8100973063,40.0240248016
2017-06-01T01:33:20,6.63926071224,61.5178839507,45.350588997,41.8142394191
2017-06-01T01:33:30,4.4376073743,61.4144743966,45.0533567748,41.0946198182
2017-06-01T01:33:40,5.16261251488,61.9202462837,44.8599658019,40.6201811052
2017-06-01T01:33:50,7.000705744,60.1446754394,44.8652039867,40.7272652524
2017-06-01T01:34:00,4.95132662937,60.7422140594,45.5113009694,42.2366048509
2017-06-01T01:34:10,4.57276758211,61.3750281117,44.9670124839,41.4095843253
2017-06-01T01:34:20,6.08686619405,60.6267482051,44.7764963019,41.0779445696
2017-06-01T01:34:30,6.05121764593,60.6322243149,45.6881433112,42.6702357653
2017-06-01T01:34:40,6.41248342883,61.0644300784,44.8951259466,41.0490585698
2017-06-01T01:34:50,7.95841942883,61.9157371742,44.1958866544,39.7313282018
2017-06-01T01:35:00,7.58530662992,60.1959586763,44.0406202822,40.6628882666
2017-06-01T01:35:10,8.49751911738,61.1028472873,44.7278000689,41.1502890938
2017-06-01T01:35:20,8.02540797411,62.024553523,44.8281951193,39.9861560928
2017-06-01T01:35:30,9.51886968789,61.4968432945,44.6482851091,40.7992962735
2017-06-01T01:35:40,6.22334764887,61.4926077685,44.1035850421,40.090265369
2017-06-01T01:35:50,8.32906012299,61.0085417021,44.1316747487,40.3006268069
2017-06-01T01:36:00,5.29166969523,61.8016792053,43.7927726896,40.2063888492
2017-06-01T01:36:10,5.49909581222,61.3830614091,44.4152129294,40.5465531101
2017-06-01T01:36:20,6.99728504286,60.3548073421,45.2581061948,43.2734678406
2017-06-01T01:36:30,9.05727351429,60.7250438994,45.0069338466,42.1095747483
2017-06-01T01:36:40,6.26181986673,60.0694477283,44.493651768,40.1775170646
2017-06-01T01:36:50,5.97788978662,59.8083980007,43.4854939728,38.3979958164
2017-06-01T01:37:00,7.51522392664,61.3285314715,44.1021048534,39.4698120131
2017-06-01T01:37:10,5.7694508591,60.862545048,44.4144327886,40.1302953811
2017-06-01T01:37:20,8.40142541308,60.1898491559,44.8736151963,40.7541359521
2017-06-01T01:37:30,5.55284101554,60.6812442665,44.809445966,40.7814882526
2017-06-01T01:37:40,5.86222675754,60.4444320528,44.8085152541,40.1636492486
2017-06-01T01:37:50,5.8980623,61.8911621451,44.4236993741,39.5729981794
2017-06-01T01:38:00,6.24325851925,60.9230534886,44.5834947906,40.1720694567
2017-06-01T01:38:10,8.63370980472,61.1377249294,45.2882612111,41.5563486342
2017-06-01T01:38:20,6.91075455999,60.714407267,45.5156152529,41.7575198761
2017-06-01T01:38:30,5.98626370858,61.4602575966,45.6807201811,39.2033273777
2017-06-01T01:38:40,4.74917783908,61.6574503637,46.5554636408,42.3976800905
2017-06-01T01:38:50,7.77021632246,63.0996692588,46.5402362951,41.9999067414
2017-06-01T01:39:00,6.74340349231,61.6414870859,46.7759863892,42.7870699868
2017-06-01T01:39:10,5.74740114135,61.6984057206,47.3215431455,43.3058811365
2017-06-01T01:39:20,7.31523896148,61.3445021391,47.6685995584,43.7832513988
2017-06-01T01:39:30,4.72080390045,61.8768133384,48.1170134081,44.3297033436
2017-06-01T01:39:40,6.5104795287,62.3353083483,47.535695379,42.5537683622
2017-06-01T01:39:50,5.86843187804,61.5756413921,48.6556812452,43.5568382095
2017-06-01T01:40:00,5.03967559452,60.4633975964,48.5915458931,44.153551274
2017-06-01T01:40:10,6.06706612463,60.7803889412,47.3668071636,43.6195629596
2017-06-01T01:40:20,6.96325465699,61.469316869,49.8249411197,46.7162813896
2017-06-01T01:40:30,8.53303427032,62.2194232707,50.1031707721,46.7646429134
2017-06-01T01:40:40,5.48703528388,61.0297269657,47.7725615945,43.9474680292
2017-06-01T01:40:50,4.73785174028,59.7836859404,45.5021736881,40.7142167902
2017-06-01T01:41:00,5.76970144492,60.7337783157,44.8822491073,40.2022039307
2017-06-01T01:41:10,8.97758200855,60.7609065571,44.9400388907,41.1210066371
2017-06-01T01:41:20,6.18523213863,60.405866524,46.182703906,41.1939163212
2017-06-01T01:41:30,7.46825796037,61.8063794019,46.4935030608,42.8131521624
2017-06-01T01:41:40,4.56452835116,58.9891089004,46.9344717456,43.0238684864
2017-06-01T01:41:50,5.17819479764,60.3733524436,47.0524484785,42.4874781017
2017-06-01T01:42:00,6.68912575436,61.5977053186,46.8639377602,43.2157052881
2017-06-01T01:42:10,5.85937513551,60.3915487896,47.2394524146,43.7503943204
2017-06-01T01:42:20,9.93600337567,61.1681065972,46.3343393351,41.7753270073
2017-06-01T01:42:30,5.40931128132,60.6609234249,46.1125599466,42.3264577416
2017-06-01T01:42:40,6.41362718496,60.6661274065,45.6456101868,41.7733029759
2017-06-01T01:42:50,8.5366595662,59.9689725008,44.7951585894,40.9999797477
2017-06-01T01:43:00,6.82925647215,60.4712500589,45.1095359357,41.2896813813
2017-06-01T01:43:10,5.99115397659,59.1416701174,44.4886363553,39.2868104447
2017-06-01T01:43:20,7.47372352765,61.1438810595,45.206974966,41.1225610381
2017-06-01T01:43:30,6.2520239981,59.230176816,44.8321489875,41.9351862346
2017-06-01T01:43:40,5.84834993211,60.7366713312,44.2912587185,40.0436015693
2017-06-01T01:43:50,5.26680801687,60.1953432666,43.9120053618,39.8208477525
2017-06-01T01:44:00,6.20866147561,60.3985489539,43.7708951106,39.7191651699
2017-06-01T01:44:10,6.10558678496,60.7572859264,43.3313011918,38.3683619974
2017-06-01T01:44:20,5.6725792516,60.1188590774,43.9925161882,40.3156210173
2017-06-01T01:44:30,6.14627660682,59.4125005422,44.0812768749,38.8905522149
2017-06-01T01:44:40,8.39069079189,60.5371277319,44.0445410797,39.6268705171
2017-06-01T01:44:50,5.76858052626,60.0811426562,44.2280500801,39.8012544756
2017-06-01T01:45:00,8.16796802806,60.3828294492,43.4136894748,40.1549491838
2017-06-01T01:45:10,6.4177376647,59.705661479,43.3826975141,39.4275959739
2017-06-01T01:45:20,5.58593431346,59.5915516865,43.6788480181,39.5837930703
2017-06-01T01:45:30,4.5142247218,58.7612790433,43.7625136264,40.0558776296
2017-06-01T01:45:40,5.24738046903,58.8189577046,43.8470354124,39.4981627809
2017-06-01T01:45:50,6.91037126844,58.5927111782,44.0318905888,40.1708947475
2017-06-01T01:46:00,5.02766171807,60.3947721651,44.1182266594,40.1074413602
2017-06-01T01:46:10,5.60195420364,59.714526991,44.4418731649,41.1593058987
2017-06-01T01:46:20,7.049936916,59.3034354042,44.0631811857,39.3869131995
2017-06-01T01:46:30,5.61417237044,59.6955311528,44.7946552701,41.0660746012
2017-06-01T01:46:40,7.01809863163,59.7008522825,44.5028181885,40.993669671
2017-06-01T01:46:50,6.92984795195,59.2428187078,44.6483064463,40.636363042
2017-06-01T01:47:00,6.16091522698,60.4658506749,44.3104687221,40.5167704787
2017-06-01T01:47:10,4.32289447023,59.1837314162,45.0710303378,41.9770403728
2017-06-01T01:47:20,6.37443435797,59.2534702978,44.4070866347,40.5638467556
2017-06-01T01:47:30,7.28937740144,59.2645469083,44.499769776,41.7858057294
2017-06-01T01:47:40,5.1953590772,58.177210554,45.0070245678,41.9152845479
2017-06-01T01:47:50,8.60844618831,60.7875837701,44.6537454026,39.7028123079
2017-06-01T01:48:00,6.63586177132,60.6853406747,45.4777834721,40.8023938322
2017-06-01T01:48:10,6.00994443907,61.8263343008,44.8943936991,40.8671431427
2017-06-01T01:48:20,5.73540792155,60.2373692974,44.6498004878,40.33315039
2017-06-01T01:48:30,6.33003747494,59.6382511593,45.3339003269,41.3435692321
2017-06-01T01:48:40,5.3892106178,60.0085901113,44.4679760816,40.373698873
2017-06-01T01:48:50,6.94356363642,61.0534867763,45.0481220587,40.7309466678
2017-06-01T01:49:00,5.32499012928,60.9026205415,44.7767831719,38.7089428365
2017-06-01T01:49:10,5.97475819205,60.1813682973,45.3393054272,40.0811781944
2017-06-01T01:49:20,6.19636489599,62.2286250301,45.9478940645,41.0922167795
2017-06-01T01:49:30,7.34215298321,61.9369279734,45.563580941,41.0885632077
2017-06-01T01:49:40,8.26414665239,63.3486661712,46.027643571,40.923986489
2017-06-01T01:49:50,7.56930273082,61.5889069815,45.5605216396,41.0350295033
2017-06-01T01:50:00,8.79190503246,63.5959819962,45.8813191885,40.7958060862
2017-06-01T01:50:10,7.50149655716,61.9858146371,45.0554088302,38.3246208599
2017-06-01T01:50:20,6.34648783004,61.130540036,46.39638464,41.3406026399
2017-06-01T01:50:30,6.80914248368,61.5760132129,46.552515507,41.7695199574
2017-06-01T01:50:40,6.11556682402,60.8208189034,46.8622587503,42.2916830546
2017-06-01T01:50:50,7.23348094094,61.3870398265,46.9066722131,42.98564656
2017-06-01T01:51:00,7.57777453667,60.8175497245,46.5485585318,41.3130470797
2017-06-01T01:51:10,5.12127137028,61.5856303321,47.1897522438,42.7271435797
2017-06-01T01:51:20,4.91072764239,61.8838547026,46.8250160306,42.1397028849
2017-06-01T01:51:30,6.98619069311,61.5789042521,46.7865360173,42.6442782209
2017-06-01T01:51:40,5.83498899458,62.0455685725,46.6217407667,40.9444276166
2017-06-01T01:51:50,6.33055066481,61.4984870313,46.5676667544,43.4497230975
2017-06-01T01:52:00,6.6813389549,62.3719298643,48.3885601708,47.4701906066
2017-06-01T01:52:10,6.7554776298,61.0954530965,46.4041016998,41.9997842235
2017-06-01T01:52:20,6.60076135094,61.3433511933,46.1082543326,43.3169662035
2017-06-01T01:52:30,6.10746601613,60.93001729,45.2731184454,41.54771383
2017-06-01T01:52:40,7.37491869776,61.2155151478,45.3956452283,41.3965213159
2017-06-01T01:52:50,5.38717364507,61.3891339375,45.2109504231,40.4155639149
2017-06-01T01:53:00,6.01664550541,60.7814532921,45.3048120704,40.7353392887
2017-06-01T01:53:10,4.80541468452,60.7884939694,45.1773549735,41.129458562
2017-06-01T01:53:20,7.06393239572,60.551339305,45.5121385666,41.7604602375
2017-06-01T01:53:30,7.71538271692,60.983820283,44.5958376886,40.1298556709
2017-06-01T01:53:40,7.0644429008,60.5489604389,45.270760763,40.6995764207
2017-06-01T01:53:50,7.08531207827,60.4978220766,45.0476547494,40.9904683815
2017-06-01T01:54:00,5.0308875672,60.7454237579,45.5917646573,41.6960910437
2017-06-01T01:54:10,7.01777812038,60.5489039333,45.2396294119,40.5977982209
2017-06-01T01:54:20,6.01699562162,60.2759063262,45.4750957742,41.6457275719
2017-06-01T01:54:30,5.58827707728,61.1527981096,45.8809962586,42.6436916881
2017-06-01T01:54:40,6.26932937938,60.1441438119,45.6715559152,42.1199266396
2017-06-01T01:54:50,5.59720974857,60.4785513728,45.7458291563,42.2554041171
2017-06-01T01:55:00,6.18924838315,59.817949995,45.7033011384,41.2644516949
2017-06-01T01:55:10,6.66321189524,60.1736572494,45.592087514,41.8258331745
2017-06-01T01:55:20,7.03796997748,60.1231427305,45.3288046164,42.1961860739
2017-06-01T01:55:30,8.96154680775,61.5698743053,45.8703583066,43.1376161224
2017-06-01T01:55:40,5.49370560945,61.5917561203,45.740704646,41.2048846613
2017-06-01T01:55:50,7.17678835942,62.2929926578,44.7751541655,39.6318785134
2017-06-01T01:56:00,7.36758358809,62.3747559934,45.3699019459,42.4086433621
2017-06-01T01:56:10,7.70435814439,61.4576219479,45.0230072449,41.0797726197
2017-06-01T01:56:20,5.56143204912,60.0450876358,46.0796456002,42.4662341112
2017-06-01T01:56:30,5.60482492989,59.8694758626,44.3393929394,40.2151652824
2017-06-01T01:56:40,6.46693334766,59.9440306212,44.7258609985,39.9597107412
2017-06-01T01:56:50,7.38033400661,59.5609260682,44.079669443,38.4997298111
2017-06-01T01:57:00,7.54686492332,59.1340681721,44.6763574974,39.00234111
2017-06-01T01:57:10,6.19905843671,60.1330981513,43.7590997606,39.2031554279
2017-06-01T01:57:20,7.36172356122,58.9014783528,43.5383638134,38.2872341096
2017-06-01T01:57:30,6.22833778576,59.4527732682,43.4132596412,38.6478900229
2017-06-01T01:57:40,7.33135757683,59.3358056436,42.9868165157,38.2910128971
2017-06-01T01:57:50,5.88403953771,60.1277417458,43.3076171001,38.8316582644
2017-06-01T01:58:00,7.62388531246,60.4854621109,43.0743584592,36.8958333492
2017-06-01T01:58:10,4.20235750407,59.6886857129,43.4227090816,37.021040775
2017-06-01T01:58:20,7.33653133313,60.1815007987,44.020054936,39.5980638867
2017-06-01T01:58:30,8.5078280702,59.5417925288,44.5470211294,40.2968807408
2017-06-01T01:58:40,4.78678219575,60.47357092,44.2734207888,39.595249265
2017-06-01T01:58:50,7.47035666461,59.8334309954,44.8965826825,41.2973564094
2017-06-01T01:59:00,7.02178603166,59.9487123298,44.3988769988,38.2750951876
2017-06-01T01:59:10,6.74829326589,59.9740613195,44.8096300132,40.6936436632
2017-06-01T01:59:20,8.09772410059,59.3993127269,45.0379689232,40.7118797127
2017-06-01T01:59:30,4.68144239824,58.9803693356,46.0070488952,42.8120731108
2017-06-01T01:59:40,6.9992183976,59.9697459312,45.0751940803,41.4181767921
2017-06-01T01:59:50,7.7446162218,60.3818795858,44.2868025795,40.0101095616
2017-06-01T02:00:00,7.53294670586,60.6070147771,44.579743177,39.4072277152
2017-06-01T02:00:10,5.40624362592,60.0185728826,44.9097577541,40.101386916
2017-06-01T02:00:20,5.27281264192,59.0046642568,44.7566287167,39.7901642984
2017-06-01T02:00:30,4.55557243901,59.7700816794,45.3033105568,41.3944254932
2017-06-01T02:00:40,5.27935027609,59.71390512,45.7436694016,40.2577846178
2017-06-01T02:00:50,5.65268225685,60.616302224,45.6858095887,40.1705876979
2017-06-01T02:01:00,7.49452807142,61.4130872207,45.7508480537,40.9497001374
2017-06-01T02:01:10,6.10151289398,61.2620757413,45.4545225486,39.8669001138
2017-06-01T02:01:20,5.29449146571,59.465636943,44.7094009692,40.0533232368
2017-06-01T02:01:30,9.12431425521,59.9468344435,44.9386243164,40.131653602
2017-06-01T02:01:40,6.26895927064,61.2389496046,44.8599783048,40.6698298726
2017-06-01T02:01:50,5.60968340064,59.8342350053,44.5777168839,40.1717194554
2017-06-01T02:02:00,5.42732914491,59.2469036744,44.2996626739,38.8613054822
2017-06-01T02:02:10,6.31090545412,60.7962465283,44.8505100701,40.4802501301
2017-06-01T02:02:20,5.44482611449,59.7960434306,45.051398206,40.6928945378
2017-06-01T02:02:30,6.62440474233,61.0260723308,45.0654765464,40.5071528048
2017-06-01T02:02:40,5.11747588011,61.5405901653,44.6539083149,39.3232099527
2017-06-01T02:02:50,5.26817743461,60.2155993805,45.1249311031,40.3555825855
2017-06-01T02:03:00,5.06695029334,60.532175548,44.6766245337,38.9175450452
2017-06-01T02:03:10,4.18475794353,60.3967447554,44.2417681821,39.2062437061
2017-06-01T02:03:20,6.86083742247,59.2877823975,45.3208863811,40.7169658408
2017-06-01T02:03:30,5.39757820528,58.8654764963,46.6415388408,40.9233315596
2017-06-01T02:03:40,8.59425843282,60.8881882992,44.8784574443,39.3023376833
2017-06-01T02:03:50,7.08891313148,59.8522992905,46.0968795323,41.5794903067
2017-06-01T02:04:00,6.84269753534,60.4981024498,46.3813102811,41.5302249312
2017-06-01T02:04:10,6.90249268107,61.6618576273,47.8556297236,41.964286985
2017-06-01T02:04:20,5.65522429905,61.5950726444,50.4733584984,49.5053420521
2017-06-01T02:04:30,6.10923401558,60.7870904997,47.3115920108,44.2898706603
2017-06-01T02:04:40,5.63721323718,60.5474602517,47.5042807102,43.357131346
2017-06-01T02:04:50,6.06299010033,60.8469804955,45.683648416,41.8827561373
2017-06-01T02:05:00,5.25213335672,60.5990153339,46.8911797937,44.6228300997
2017-06-01T02:05:10,6.99302793958,61.7358874067,47.8675662884,45.1381961762
2017-06-01T02:05:20,9.57826042881,62.0223840022,47.0390854316,41.8618042215
2017-06-01T02:05:30,6.64938604188,60.7741551892,47.5693638738,45.4361314536
2017-06-01T02:05:40,6.91023057246,60.2863381137,47.9509453956,47.1634215862
2017-06-01T02:05:50,4.56105311065,60.3138974286,48.0234059348,46.4414760195
2017-06-01T02:06:00,6.31564066883,61.3823465021,47.1905111018,44.3952814894
2017-06-01T02:06:10,5.24947065924,62.2393370334,48.6932698772,46.956122279
2017-06-01T02:06:20,7.47165710571,61.7172956478,47.1246811435,43.9658964227
2017-06-01T02:06:30,6.40638237188,61.9117988015,49.6320287592,48.1680271983
2017-06-01T02:06:40,6.78465853701,62.0753145344,50.1766348182,47.9528146116
2017-06-01T02:06:50,6.09592178249,63.6138458217,50.261848275,48.6584192555
2017-06-01T02:07:00,7.3426002964,59.800953659,48.9006203971,47.9690518049
2017-06-01T02:07:10,4.16789078416,60.5992651191,50.3938596979,49.8981077087
2017-06-01T02:07:20,5.04350271667,61.0768957289,48.9024417697,45.9546022794
2017-06-01T02:07:30,5.9791590887,61.0634385,48.4344798877,45.3250342204
2017-06-01T02:07:40,7.37423311933,61.0920960365,47.9816392544,45.1060193819
2017-06-01T02:07:50,8.82699728765,62.1092583936,48.6524113196,47.3753087429
2017-06-01T02:08:00,7.30075947471,61.2188425329,47.6443055229,44.6761501427
2017-06-01T02:08:10,6.38986832462,61.1029570506,48.8577295316,47.6817482245
2017-06-01T02:08:20,5.68009676478,61.1447896626,47.9690617325,45.8364253597
2017-06-01T02:08:30,7.78211184951,60.8823861673,47.648649473,45.686466674
2017-06-01T02:08:40,6.13819817094,61.2286750441,48.9158960421,48.0584325572
2017-06-01T02:08:50,7.48500119649,61.2666476566,49.6392663046,48.4732210277
2017-06-01T02:09:00,7.25284570139,61.4478053532,48.0658608957,43.7620238417
2017-06-01T02:09:10,7.37388530584,60.7354665081,48.4224968989,43.9755764101
2017-06-01T02:09:20,4.76561635215,60.7734699445,51.9546863853,48.8864236315
2017-06-01T02:09:30,6.51999355322,60.9130630424,50.3147717428,47.7707764733
2017-06-01T02:09:40,6.0007528034,61.6450766157,51.0304122557,48.5015391925
2017-06-01T02:09:50,7.0501539664,61.288944637,49.2718822494,46.8181798631
2017-06-01T02:10:00,7.9631777935,63.9900930664,46.9610519707,44.3768744957
2017-06-01T02:10:10,5.05166607398,61.040637188,48.0152469467,46.9683961455
2017-06-01T02:10:20,5.23153580975,60.4568742581,49.9128524499,45.8116516773
2017-06-01T02:10:30,5.64408088195,60.2170524873,52.0873386748,49.4669194416
2017-06-01T02:10:40,4.91608254386,61.3052475205,52.3341465116,48.7832382176
2017-06-01T02:10:50,6.60647893549,62.008659702,50.8661550529,46.3626430312
2017-06-01T02:11:00,5.13991583466,60.4663904856,49.0353400303,46.1450463073
2017-06-01T02:11:10,4.98066796491,62.2359561353,49.6050870819,46.4038837849
2017-06-01T02:11:20,4.67091799436,61.6102295856,49.7674302205,49.2988590216
2017-06-01T02:11:30,5.02400916483,61.6385188465,49.0303326426,48.2069174982
2017-06-01T02:11:40,5.6758856066,61.7094790421,48.0023460835,45.1500245319
2017-06-01T02:11:50,6.05005198953,60.5876403485,47.5837791544,44.935154507
2017-06-01T02:12:00,4.91001022725,60.5172574598,47.1304015988,43.7806760686
2017-06-01T02:12:10,5.75563474749,60.6608228351,46.7799601702,43.9826643483
2017-06-01T02:12:20,7.98180665926,62.2812682281,47.0744243579,43.0010365718
2017-06-01T02:12:30,5.51411360254,61.6867113832,48.1267013931,45.4489944211
2017-06-01T02:12:40,6.61498940036,61.2239307833,47.2620017249,43.7364679245
2017-06-01T02:12:50,5.32403097533,61.6805240554,48.4280892879,46.5730766385
2017-06-01T02:13:00,5.4519314235,61.409973681,48.3872768531,47.0286186802
2017-06-01T02:13:10,6.03274913518,60.1620617379,48.9156010757,48.2860739147
2017-06-01T02:13:20,8.80108355412,61.3199909194,45.1964637048,38.5509847384
2017-06-01T02:13:30,5.86053099935,60.5250312137,46.2903378959,42.0390538249
2017-06-01T02:13:40,8.12035081418,62.1467998881,46.2933409799,41.8776226991
2017-06-01T02:13:50,6.27501629953,60.1989268481,45.9972209306,41.5155899725
2017-06-01T02:14:00,6.70609127396,61.8229476948,46.6801490209,42.8548012803
2017-06-01T02:14:10,6.94789448132,60.3673215635,44.996379998,39.8834476292
2017-06-01T02:14:20,6.06404503387,60.1836243822,45.5444099368,41.1928885365
2017-06-01T02:14:30,4.92684773998,59.0788117289,45.4127313008,40.8795318438
2017-06-01T02:14:40,8.13798291432,60.3694716958,45.5357101736,41.1362082105
2017-06-01T02:14:50,5.99264960033,60.0085157352,44.6871535132,40.1938364947
2017-06-01T02:15:00,7.33398293333,61.4059279584,45.3775769938,41.0745412171
2017-06-01T02:15:10,6.10472441268,59.9327907154,45.4216231005,41.3074249075
2017-06-01T02:15:20,6.70966685902,60.6440020647,45.6268378766,40.7143139475
2017-06-01T02:15:30,5.89977799414,58.8285705802,46.7984539927,42.2794652058
2017-06-01T02:15:40,4.9354156502,58.8745800908,47.3703684345,44.1516457583
2017-06-01T02:15:50,6.25540551488,58.9985597371,46.4873812926,42.4302713698
2017-06-01T02:16:00,4.11478920742,58.5962026213,46.2619715298,42.0724990881
2017-06-01T02:16:10,6.79381444868,59.7391444562,46.0744870313,41.6450977183
2017-06-01T02:16:20,6.02193548924,60.0358062466,47.2575721914,42.463419527
2017-06-01T02:16:30,4.9939988703,60.0111071736,47.4347343191,43.3043794769
2017-06-01T02:16:40,4.72159315603,60.4692456834,48.634013577,43.5573308483
2017-06-01T02:16:50,8.12969397443,60.98868176,47.71250484,41.439761894
2017-06-01T02:17:00,6.01349142311,62.7309473352,48.7080289139,43.2249984411
2017-06-01T02:17:10,3.5688079732,59.2323124419,49.1815282252,46.0791423273
2017-06-01T02:17:20,7.09056254384,59.2025298425,46.3295256427,42.2554328553
2017-06-01T02:17:30,5.53653614952,57.8883488591,45.702227716,42.3818955309
2017-06-01T02:17:40,5.14327655014,58.4422314821,45.3179066244,41.1981252172
2017-06-01T02:17:50,5.42715418313,58.2292928961,45.9689716964,42.624993512
2017-06-01T02:18:00,6.01772212912,57.5107531171,46.1729990315,42.4474696028
2017-06-01T02:18:10,4.81378113589,60.0391355315,45.2861847083,40.166296596
2017-06-01T02:18:20,9.05205719286,64.7589958666,45.3745051123,41.1925283336
2017-06-01T02:18:30,7.97239131472,67.141624393,45.6570449567,41.6781448483
2017-06-01T02:18:40,6.25062304726,61.5445099797,45.3096514968,40.9036598041
2017-06-01T02:18:50,6.2190350953,58.0687029976,45.3531752603,40.5016134386
2017-06-01T02:19:00,5.57889973634,59.6973487021,45.6367099622,39.850264456
2017-06-01T02:19:10,7.13132612538,59.8657156302,46.2305281582,42.4605178294
2017-06-01T02:19:20,4.67606872969,58.075648354,47.1733572647,43.2454338245
2017-06-01T02:19:30,7.07802889558,62.3493473936,47.8089977261,43.2558629986
2017-06-01T02:19:40,4.52473166026,58.5910414789,47.1248570273,43.2798774408
2017-06-01T02:19:50,5.12918112279,59.2117334561,47.2008444437,43.6102557545
2017-06-01T02:20:00,6.26018400285,60.3443084076,47.3855446784,43.5259901168
2017-06-01T02:20:10,6.55209390037,59.5377771668,48.8856141964,45.2626144595
2017-06-01T02:20:20,5.86133550171,58.8338551685,48.1554405352,43.8981674311
2017-06-01T02:20:30,5.63613018904,59.7209563307,47.2095370616,42.3393444494
2017-06-01T02:20:40,6.87914006501,59.6287321561,47.3108474834,42.6507559205
2017-06-01T02:20:50,7.85343920743,64.0177824818,46.6191969729,42.3327142008
2017-06-01T02:21:00,7.68143458098,60.5917375206,47.0169442608,43.3763342855
2017-06-01T02:21:10,8.90831340345,60.8244216306,46.2720035649,42.4995744116
2017-06-01T02:21:20,6.78824785965,59.5152518839,45.9147346257,41.7974143381
2017-06-01T02:21:30,5.7337524362,59.2161549079,45.7626843075,41.3284618907
2017-06-01T02:21:40,7.43648529693,58.0689331822,45.9434502455,42.2751982539
2017-06-01T02:21:50,6.86873375158,59.0008835388,46.884113274,42.9318106814
2017-06-01T02:22:00,5.44343418483,59.2683095682,47.4561802251,43.4966175903
2017-06-01T02:22:10,7.64738929281,60.7881549876,46.7265588127,42.6122899717
2017-06-01T02:22:20,8.43521822755,60.3585510366,48.189880964,44.1915863169
2017-06-01T02:22:30,6.92912939336,59.0616045119,48.2525351323,44.3535031346
2017-06-01T02:22:40,5.59206965514,59.2525830878,48.5404969567,45.1951664295
2017-06-01T02:22:50,5.0157901896,58.0010567573,47.6438834153,44.3041091233
2017-06-01T02:23:00,5.09830122575,57.8160701934,48.244345983,45.3633906445
2017-06-01T02:23:10,4.95081357266,58.6074674491,48.220970738,45.4147773331
2017-06-01T02:23:20,5.34307894218,58.6307674382,47.4699062815,44.0421660817
2017-06-01T02:23:30,6.17894882015,58.7263019672,48.778366369,45.3431922886
2017-06-01T02:23:40,4.56547761724,58.2684443255,49.4007771545,44.69069822
2017-06-01T02:23:50,8.74285207393,60.3101711697,47.1093346584,44.1288667205
2017-06-01T02:24:00,6.45053593039,60.6859975844,47.8345310588,43.6210820493
2017-06-01T02:24:10,7.41100756991,61.1591348348,48.3651984548,44.5283436691
2017-06-01T02:24:20,6.24762493959,60.0857042261,48.7157808179,44.7540643078
2017-06-01T02:24:30,7.23433463518,59.3652644142,47.6183038572,42.8855531107
2017-06-01T02:24:40,4.79683663672,58.5676052882,47.7674117668,42.7952975379
2017-06-01T02:24:50,5.51342238356,57.8856433753,47.2839423486,41.0805399199
2017-06-01T02:25:00,7.27991365671,59.7099717699,48.8212796884,40.2614113271
2017-06-01T02:25:10,6.77126212161,59.7770311337,48.0397390704,39.2933245596
2017-06-01T02:25:20,5.99164906219,59.8919220559,49.4487169809,40.0866603086
2017-06-01T02:25:30,6.52860096826,59.9745908337,51.9270353799,41.7150830817
2017-06-01T02:25:40,7.39918296276,60.6285549852,49.1725121781,40.863676111
2017-06-01T02:25:50,4.67116568709,59.546835298,47.3032791053,38.5638323184
2017-06-01T02:26:00,9.52657300716,64.7214442243,46.6188288842,38.3483646813
2017-06-01T02:26:10,7.13849801946,63.2787343907,52.2263584553,39.5162558671
2017-06-01T02:26:20,5.83884487436,61.866822696,51.5342898879,40.5673993515
2017-06-01T02:26:30,4.66446729574,61.0415410238,52.3904924585,40.6456279695
2017-06-01T02:26:40,5.50130896258,64.1107649955,53.0113436971,40.9205570111
2017-06-01T02:26:50,4.44111255976,60.4865038441,52.784538619,40.2019015788
2017-06-01T02:27:00,3.31232380972,61.0463560255,53.8726080089,40.6688567477
2017-06-01T02:27:10,2.79037168103,60.4728921665,53.7433874009,41.2697209467
2017-06-01T02:27:20,2.63992364884,61.1932921671,54.0957240475,41.5580713136
2017-06-01T02:27:30,3.44292623943,60.7757225771,53.528365216,42.1074861398
2017-06-01T02:27:40,2.61722407608,59.9149311238,52.2256264256,41.8103423249
2017-06-01T02:27:50,3.29181215635,59.984682061,52.2885923784,41.3220280448
2017-06-01T02:28:00,3.02377829335,59.9911494215,52.8542359633,42.440278856
2017-06-01T02:28:10,3.31032338914,60.3804387656,53.1409070882,43.2300764022
2017-06-01T02:28:20,2.5650062595,60.1657792447,53.6586254978,44.1473535733
2017-06-01T02:28:30,3.4004312055,60.2489375247,53.4853759261,44.1100380508
2017-06-01T02:28:40,3.26368127917,59.6278605109,52.9544882218,42.9294223218
2017-06-01T02:28:50,3.64691807708,60.285594559,52.9492679014,43.4168385025
2017-06-01T02:29:00,3.90583722741,60.0168422428,52.6779749145,43.6853968673
2017-06-01T02:29:10,4.4733714777,62.474343301,53.0656001086,43.1513742454
2017-06-01T02:29:20,5.87550343451,61.7118961542,52.3988644439,40.5807510068
2017-06-01T02:29:30,4.50659084321,60.845180831,52.4694326854,41.7713946536
2017-06-01T02:29:40,3.55367389564,59.9708057367,52.9574499937,43.0017920165
2017-06-01T02:29:50,3.92371002888,59.3995690041,52.6466637039,41.9478906959
2017-06-01T02:30:00,3.22113661564,58.825916056,51.3465351516,41.5492472393
2017-06-01T02:30:10,2.56392795012,57.5547070782,50.1234406832,42.1434723709
2017-06-01T02:30:20,3.74192729099,58.9959350232,52.0063806091,42.7731911635
2017-06-01T02:30:30,4.70403764831,57.9940437461,50.8079533242,43.4473998606
2017-06-01T02:30:40,6.03628247895,58.0246946604,48.2218736437,43.0697973105
2017-06-01T02:30:50,5.64813088805,57.7404526559,50.090941045,43.3377192292
2017-06-01T02:31:00,3.18134343692,56.9173634519,49.7339036008,44.6307381649
2017-06-01T02:31:10,5.33662813845,56.9312389154,48.4259532802,44.4839943714
2017-06-01T02:31:20,6.43079257114,58.3645535031,47.9839147564,43.5249043707
2017-06-01T02:31:30,10.3406574823,62.0964111016,46.7422462289,42.3949111051
2017-06-01T02:31:40,7.03177915328,62.5364708777,47.6950015875,42.9917938391
2017-06-01T02:31:50,9.26515503767,66.9274427525,46.2444903553,41.5922380246
2017-06-01T02:32:00,8.07747307139,59.3344474173,45.6094493022,40.8214390347
2017-06-01T02:32:10,6.81002320038,56.2453947687,46.0207109587,41.8163817952
2017-06-01T02:32:20,5.66893216743,56.858096709,46.3453093389,41.2566007516
2017-06-01T02:32:30,7.96566818766,59.3918706804,47.1109919254,41.9471511081
2017-06-01T02:32:40,6.87494377495,58.6886212136,46.4783602746,42.3250052125
2017-06-01T02:32:50,7.33987553641,58.5309313233,45.9639263369,41.4306769404
2017-06-01T02:33:00,6.30992301997,56.2052926886,45.176935928,40.8952193339
2017-06-01T02:33:10,8.45398684172,58.0425529507,44.9911925845,40.5793216757
2017-06-01T02:33:20,8.42361715645,63.5696235842,45.217633943,39.7100050682
2017-06-01T02:33:30,12.564062675,69.9202989333,45.1734746006,39.9394880035
2017-06-01T02:33:40,5.40487963826,57.9150068552,45.5335571364,41.4562141246
2017-06-01T02:33:50,7.31625265628,58.9038818734,45.3130236445,41.5034832715
2017-06-01T02:34:00,5.02583829809,57.239415843,45.769452505,41.0057077885
2017-06-01T02:34:10,4.19238099708,56.280628331,44.743165614,40.6310779744
2017-06-01T02:34:20,6.35003646711,57.0979017665,44.8170330757,40.9349488208
2017-06-01T02:34:30,4.22760948743,56.1300766805,45.3166158689,41.5294112762
2017-06-01T02:34:40,5.51173812113,57.0462148241,44.7773084739,39.7187627976
2017-06-01T02:34:50,9.46482985286,65.1092496407,44.9943688183,40.2890443472
2017-06-01T02:35:00,12.7028933912,67.8780633514,45.4941754736,40.5051854796
2017-06-01T02:35:10,10.9624726951,64.4529261782,45.5445741552,40.6227757421
2017-06-01T02:35:20,6.881900849,57.859377138,44.8005001886,41.0963556931
2017-06-01T02:35:30,6.63241957854,63.6118375198,45.2710386933,41.4770374138
2017-06-01T02:35:40,10.8353231603,64.0821906605,48.4606268401,47.8393694683
2017-06-01T02:35:50,8.91375471486,66.6616139131,45.5932877685,41.6157860203
2017-06-01T02:36:00,10.892024846,68.2240733293,45.8053645219,41.5555597402
2017-06-01T02:36:10,7.60678603674,60.2897613189,44.5316592765,39.4752228119
2017-06-01T02:36:20,6.16467786115,56.6393609663,44.4321754507,39.5816257711
2017-06-01T02:36:30,7.1837928406,61.0767134058,45.5566065918,40.6695394278
2017-06-01T02:36:40,8.19253124956,60.9488099862,45.4867771436,40.7332220989
2017-06-01T02:36:50,8.60966693864,60.3496167988,45.1711081845,40.6764752833
2017-06-01T02:37:00,6.06815140722,56.8593954804,46.2848801995,42.3480967826
2017-06-01T02:37:10,6.98111169338,56.5398145423,46.2299941234,42.6276420148
2017-06-01T02:37:20,6.77073699904,56.5470497205,44.9600337207,41.6137588571
2017-06-01T02:37:30,7.48013487098,56.3330998225,44.8881656957,41.8671157098
2017-06-01T02:37:40,4.35065061884,56.3654083883,44.6506365081,41.7195539105
2017-06-01T02:37:50,4.51095492295,55.3509870724,45.0553799299,41.8940957083
2017-06-01T02:38:00,5.72267976309,56.1080571184,44.5191577172,40.6648927377
2017-06-01T02:38:10,6.56726953485,55.6878594531,43.6733961969,40.1967567909
2017-06-01T02:38:20,7.19686373085,56.1585363779,43.8832573112,40.4885872948
2017-06-01T02:38:30,8.34841994578,58.6043874902,44.7789219851,40.2475885945
2017-06-01T02:38:40,8.15327962025,56.5841166715,46.3632885155,43.6636117411
2017-06-01T02:38:50,7.3538760839,56.47186997,45.1206814693,42.4210167594
2017-06-01T02:39:00,5.62739457963,56.8377449242,45.2395068475,41.7157178008
2017-06-01T02:39:10,7.55511691063,56.9453883868,45.061041014,40.8924164023
2017-06-01T02:39:20,6.18232836567,57.422742897,45.4820433157,41.18306856
2017-06-01T02:39:30,6.29151541311,57.1454287669,45.4524637541,41.4857388282
2017-06-01T02:39:40,5.88747529053,57.542989872,44.9582959524,40.1448851592
2017-06-01T02:39:50,6.53504524102,57.6634853794,44.7228265681,39.31869218
2017-06-01T02:40:00,5.10617315778,57.8220435898,45.1122905771,41.4471703569
2017-06-01T02:40:10,6.84024912431,59.628927032,46.264599667,41.9785049352
2017-06-01T02:40:20,8.46852020418,64.7343361133,46.0351041797,41.3963982348
2017-06-01T02:40:30,8.51329268052,67.7690488327,45.3497639059,40.4131442041
2017-06-01T02:40:40,9.01766967501,60.4309880654,45.3962055184,41.3090075232
2017-06-01T02:40:50,6.11563504522,57.6987712575,45.7813183686,41.2107538907
2017-06-01T02:41:00,4.87585832012,57.4167210513,45.0514588381,41.5555840747
2017-06-01T02:41:10,7.71183252696,57.3611514278,44.7020958871,40.6264640469
2017-06-01T02:41:20,7.76554651719,60.9965401257,44.4796914289,39.8858982859
2017-06-01T02:41:30,6.82363084613,57.1069766091,43.5923798232,39.8243912158
2017-06-01T02:41:40,7.96649515527,57.8054768471,44.1916507338,39.5161805744
2017-06-01T02:41:50,7.64326073093,57.3291484855,45.1185453838,40.9783245406
2017-06-01T02:42:00,11.8941854601,74.3182265957,45.6550881766,40.1790839929
2017-06-01T02:42:10,11.6884419966,68.5649437408,46.067479861,42.2238779607
2017-06-01T02:42:20,6.90439452909,59.0667741057,44.5582415273,40.0160837864
2017-06-01T02:42:30,8.79788806322,58.3601078293,44.4614104981,40.1555647972
2017-06-01T02:42:40,7.73291693345,64.892344409,45.4882420858,41.0608688352
2017-06-01T02:42:50,8.93802580422,67.0539348532,54.7707391389,42.2456755718
2017-06-01T02:43:00,6.93094435925,60.1345368099,52.8428320945,41.8771253376
2017-06-01T02:43:10,6.91065280693,62.3819495853,52.1127886283,40.7383271478
2017-06-01T02:43:20,5.3830759707,62.0232323334,51.9465284673,40.2822012483
2017-06-01T02:43:30,7.17162515925,59.8220473677,51.2976606269,41.1949267627
2017-06-01T02:43:40,5.93626990728,59.8811608804,51.3045861171,40.8194666354
2017-06-01T02:43:50,6.28985658501,59.6807620926,50.9003326478,40.4392653855
2017-06-01T02:44:00,5.49363327225,59.6396434171,51.030646783,41.014171071
2017-06-01T02:44:10,7.24806249811,59.1852445708,52.6681649287,41.5711848633
2017-06-01T02:44:20,10.5982358599,65.6266692446,50.7165492902,41.5639639307
2017-06-01T02:44:30,9.87477154242,64.8837512293,50.43059788,40.518048135
2017-06-01T02:44:40,8.09852104329,66.9363477854,50.3540074482,40.7528999601
2017-06-01T02:44:50,9.78349377831,62.684443171,52.4481795368,40.8297304573
2017-06-01T02:45:00,4.91367286984,61.134885633,50.0463274517,39.6688885971
2017-06-01T02:45:10,7.34048250704,60.8036004539,49.8239130529,40.1916867448
2017-06-01T02:45:20,7.92046403192,60.9611324618,53.4033015389,41.3578138741
2017-06-01T02:45:30,7.99625657798,60.1551425257,48.9480621752,41.1022178151
2017-06-01T02:45:40,6.48142224237,60.1303548716,54.2898630642,39.9691737335
2017-06-01T02:45:50,4.86380067361,57.7588426125,49.8869336645,41.782424333
2017-06-01T02:46:00,7.1636708767,65.9164551031,50.0945552877,41.5635574378
2017-06-01T02:46:10,10.1553463964,77.0259709106,51.126012737,43.3868302128
2017-06-01T02:46:20,10.8300358639,71.4457476881,49.783747192,41.3337480684
